time,CO2_ppm,O2_percent
1763042291.7298062,19970,20.73
1763042295.5116267,19950,20.73
1763042300.5117295,19950,20.74
1763042305.5117128,19950,20.73
1763042310.5123782,19950,20.73
