time,elapsed_time,temperature_C,ambient_temp_C,peltier_current_A,peltier_duty,peltier_forward,ekf_od_est,ekf_growth_rate,ekf_doubling_time_s,ekf_od_std,ekf_growth_rate_std,ekf_doubling_time_std_s
2026-07-02 19:03:43,0.15373802185058594,25.75,25.875,0.01675,0.0,1.0,,,,,,
2026-07-02 19:03:45,1.9460163116455078,25.75,25.875,0.017291666666666667,0.0,1.0,,,,,,
2026-07-02 19:03:47,3.7379000186920166,25.75,26.0,0.016187500000000004,0.0,1.0,,,,,,
2026-07-02 19:03:49,5.534485816955566,25.75,26.0,0.016270833333333335,0.0,1.0,,,,,,
2026-07-02 19:03:50,7.353888988494873,25.75,25.875,0.016875000000000005,0.0,1.0,,,,,,
2026-07-02 19:03:52,9.154378652572632,25.812,26.0,0.016708333333333335,0.0,1.0,,,,,,
2026-07-02 19:03:54,10.970961332321167,25.812,26.0,0.016000000000000004,0.0,1.0,,,,,,
2026-07-02 19:03:56,12.761612176895142,25.812,25.875,0.016687500000000004,0.0,1.0,,,,,,
2026-07-02 19:03:58,14.557646036148071,25.812,25.875,0.016083333333333335,0.0,1.0,,,,,,
2026-07-02 19:04:00,16.38200330734253,25.812,25.875,0.015187500000000001,0.0,1.0,,,,,,
2026-07-02 19:04:01,18.201634645462036,25.812,26.0,0.016083333333333335,0.0,1.0,,,,,,
2026-07-02 19:04:03,20.013639450073242,25.812,25.875,0.016000000000000004,0.0,1.0,,,,,,
2026-07-02 19:04:05,21.817991256713867,25.812,26.0,0.01622916666666667,0.0,1.0,,,,,,
2026-07-02 19:04:07,23.609798431396484,25.812,26.0,0.016208333333333335,0.0,1.0,,,,,,
2026-07-02 19:04:09,25.434906005859375,25.812,25.875,0.016395833333333335,0.0,1.0,,,,,,
2026-07-02 19:04:10,27.226178646087646,25.812,25.875,0.014333333333333335,0.0,1.0,,,,,,
2026-07-02 19:04:12,29.053707361221313,25.812,25.875,0.01725,0.0,1.0,,,,,,
2026-07-02 19:04:14,30.87355637550354,25.812,26.0,0.016666666666666666,0.0,1.0,,,,,,
2026-07-02 19:04:16,32.665908098220825,25.812,25.875,0.016708333333333335,0.0,1.0,,,,,,
2026-07-02 19:04:18,34.4620566368103,25.812,26.0,0.01635416666666667,0.0,1.0,,,,,,
2026-07-02 19:04:19,36.2823121547699,25.812,25.875,0.0160625,0.0,1.0,,,,,,
2026-07-02 19:04:21,38.07360792160034,25.812,25.875,0.01625,0.0,1.0,,,,,,
2026-07-02 19:04:23,39.86561727523804,25.812,25.875,0.016875000000000005,0.0,1.0,,,,,,
2026-07-02 19:04:25,41.66654706001282,25.812,26.0,0.016458333333333335,0.0,1.0,,,,,,
2026-07-02 19:04:27,43.48206162452698,25.812,25.875,0.01622916666666667,0.0,1.0,,,,,,
2026-07-02 19:04:28,45.27357530593872,25.812,25.875,0.01616666666666667,0.0,1.0,,,,,,
2026-07-02 19:04:30,47.07259273529053,25.812,26.0,0.016416666666666666,0.0,1.0,,,,,,
2026-07-02 19:04:32,48.889873027801514,25.812,25.875,0.01622916666666667,0.0,1.0,,,,,,
2026-07-02 19:04:34,50.68153762817383,25.812,25.875,0.01622916666666667,0.0,1.0,,,,,,
2026-07-02 19:04:36,52.47708535194397,25.812,25.875,0.0160625,0.0,1.0,,,,,,
2026-07-02 19:04:37,54.266071796417236,25.812,26.0,0.016083333333333335,0.0,1.0,,,,,,
2026-07-02 19:04:39,56.05793261528015,25.812,25.875,0.01741666666666667,0.0,1.0,,,,,,
2026-07-02 19:04:41,57.84959650039673,25.812,26.0,0.016187500000000004,0.0,1.0,,,,,,
2026-07-02 19:04:43,59.6416437625885,25.812,26.0,0.016895833333333336,0.0,1.0,,,,,,
2026-07-02 19:04:45,61.434072971343994,25.812,26.0,0.01585416666666667,0.0,1.0,,,,,,
2026-07-02 19:04:46,63.225605964660645,25.812,26.0,0.016208333333333335,0.0,1.0,,,,,,
2026-07-02 19:04:48,65.01799392700195,25.812,25.875,0.016416666666666666,0.0,1.0,,,,,,
2026-07-02 19:04:50,66.81383752822876,25.812,25.875,0.0160625,0.0,1.0,,,,,,
2026-07-02 19:04:52,68.63861393928528,25.812,26.0,0.016395833333333335,0.0,1.0,,,,,,
2026-07-02 19:04:54,70.4616162776947,25.812,26.0,0.0171875,0.0,1.0,,,,,,
2026-07-02 19:04:55,72.2500638961792,25.812,25.875,0.01610416666666667,0.0,1.0,,,,,,
2026-07-02 19:04:57,74.06256413459778,25.812,25.875,0.0163125,0.0,1.0,,,,,,
2026-07-02 19:04:59,75.8661561012268,25.75,26.0,0.016125,0.0,1.0,,,,,,
2026-07-02 19:05:01,77.65796756744385,25.812,26.0,0.016416666666666666,0.0,1.0,,,,,,
2026-07-02 19:05:03,79.45003867149353,25.812,25.875,0.015125000000000003,0.0,1.0,,,,,,
2026-07-02 19:05:04,81.24158048629761,25.812,25.875,0.0171875,0.0,1.0,,,,,,
2026-07-02 19:05:06,83.03441429138184,25.812,25.875,0.017333333333333336,0.0,1.0,,,,,,
2026-07-02 19:05:08,84.82990097999573,25.812,26.0,0.01616666666666667,0.0,1.0,,,,,,
2026-07-02 19:05:10,86.65219449996948,25.812,26.0,0.016625000000000004,0.0,1.0,,,,,,
2026-07-02 19:05:12,88.44161343574524,25.812,26.0,0.01579166666666667,0.0,1.0,,,,,,
2026-07-02 19:05:13,90.24059915542603,25.812,26.0,0.016895833333333336,0.0,1.0,,,,,,
2026-07-02 19:05:15,92.06687569618225,25.812,25.875,0.01679166666666667,0.0,1.0,,,,,,
2026-07-02 19:05:17,93.88165259361267,25.812,26.0,0.016125,0.0,1.0,,,,,,
2026-07-02 19:05:19,95.67664456367493,25.812,26.0,0.01672916666666667,0.0,1.0,,,,,,
2026-07-02 19:05:21,97.47004199028015,25.812,26.0,0.01597916666666667,0.0,1.0,,,,,,
2026-07-02 19:05:22,99.28963470458984,25.812,26.0,0.01660416666666667,0.0,1.0,,,,,,
2026-07-02 19:05:24,101.08275175094604,25.812,25.875,0.015604166666666669,0.0,1.0,,,,,,
2026-07-02 19:05:26,102.92390060424805,25.812,26.0,0.0163125,0.0,1.0,,,,,,
2026-07-02 19:05:28,104.73377728462219,25.812,26.0,0.016437500000000004,0.0,1.0,,,,,,
2026-07-02 19:05:30,106.57363176345825,25.812,26.0,0.016125,0.0,1.0,,,,,,
2026-07-02 19:05:32,108.38211703300476,25.812,25.875,0.01704166666666667,0.0,1.0,,,,,,
2026-07-02 19:05:33,110.20189905166626,25.875,26.0,0.01654166666666667,0.0,1.0,,,,,,
2026-07-02 19:05:35,111.99370121955872,25.812,26.0,0.01597916666666667,0.0,1.0,,,,,,
2026-07-02 19:05:37,113.78992986679077,25.812,26.0,0.01585416666666667,0.0,1.0,,,,,,
2026-07-02 19:05:39,115.6102647781372,25.812,26.0,0.01635416666666667,0.0,1.0,,,,,,
2026-07-02 19:05:41,117.40169286727905,25.812,26.0,0.017354166666666667,0.0,1.0,,,,,,
2026-07-02 19:05:42,119.1937108039856,25.875,25.875,0.0171875,0.0,1.0,,,,,,
2026-07-02 19:05:44,121.02201581001282,25.875,25.875,0.016687500000000004,0.0,1.0,,,,,,
2026-07-02 19:05:46,122.84570360183716,25.812,26.0,0.01672916666666667,0.0,1.0,,,,,,
2026-07-02 19:05:48,124.66553449630737,25.875,26.0,0.01679166666666667,0.0,1.0,,,,,,
2026-07-02 19:05:50,126.45793342590332,25.875,26.0,0.01579166666666667,0.0,1.0,,,,,,
2026-07-02 19:05:51,128.28188300132751,25.812,26.0,0.017395833333333336,0.0,1.0,,,,,,
2026-07-02 19:05:53,130.10566234588623,25.875,26.0,0.01622916666666667,0.0,1.0,,,,,,
2026-07-02 19:05:55,131.92221522331238,25.875,26.0,0.01654166666666667,0.0,1.0,,,,,,
2026-07-02 19:05:57,133.72280263900757,25.875,26.0,0.0165625,0.0,1.0,,,,,,
2026-07-02 19:05:59,135.51371598243713,25.875,25.875,0.015020833333333334,0.0,1.0,,,,,,
2026-07-02 19:06:00,137.30627584457397,25.875,26.0,0.01635416666666667,0.0,1.0,,,,,,
2026-07-02 19:06:02,139.14966583251953,25.875,26.0,0.0159375,0.0,1.0,,,,,,
2026-07-02 19:06:04,140.96404910087585,25.875,25.875,0.01572916666666667,0.0,1.0,,,,,,
2026-07-02 19:06:06,142.82228899002075,25.875,26.0,0.015208333333333336,0.0,1.0,,,,,,
2026-07-02 19:06:08,144.63387537002563,25.875,26.0,0.015895833333333335,0.0,1.0,,,,,,
2026-07-02 19:06:10,146.42569851875305,25.875,26.0,0.016666666666666666,0.0,1.0,,,,,,
2026-07-02 19:06:11,148.2219638824463,25.875,25.875,0.015708333333333335,0.0,1.0,,,,,,
2026-07-02 19:06:13,150.0446538925171,25.875,26.0,0.01629166666666667,0.0,1.0,,,,,,
2026-07-02 19:06:15,151.83361411094666,25.875,26.0,0.0165,0.0,1.0,,,,,,
2026-07-02 19:06:17,153.63010382652283,25.875,25.875,0.01616666666666667,0.0,1.0,,,,,,
2026-07-02 19:06:19,155.4527611732483,25.875,26.0,0.01679166666666667,0.0,1.0,,,,,,
2026-07-02 19:06:20,157.24158716201782,25.875,25.875,0.015958333333333335,0.0,1.0,,,,,,
2026-07-02 19:06:22,159.0340096950531,25.812,26.0,0.015625000000000003,0.0,1.0,,,,,,
2026-07-02 19:06:24,160.8256287574768,25.875,26.0,0.01616666666666667,0.0,1.0,,,,,,
2026-07-02 19:06:26,162.61763834953308,25.875,26.0,0.01625,0.0,1.0,,,,,,
2026-07-02 19:06:28,164.41009640693665,25.875,25.875,0.01591666666666667,0.0,1.0,,,,,,
2026-07-02 19:06:29,166.20729637145996,25.875,26.0,0.016895833333333336,0.0,1.0,,,,,,
2026-07-02 19:06:31,168.02570223808289,25.875,25.875,0.015895833333333335,0.0,1.0,,,,,,
2026-07-02 19:06:33,169.81809902191162,25.875,25.875,0.01635416666666667,0.0,1.0,,,,,,
2026-07-02 19:06:35,171.60994291305542,25.875,25.875,0.016125,0.0,1.0,,,,,,
2026-07-02 19:06:37,173.4016728401184,25.875,25.875,0.017812500000000002,0.0,1.0,,,,,,
2026-07-02 19:06:38,175.19400453567505,25.875,25.875,0.015895833333333335,0.0,1.0,,,,,,
2026-07-02 19:06:40,176.99002528190613,25.875,25.875,0.01722916666666667,0.0,1.0,,,,,,
2026-07-02 19:06:42,178.80996704101562,25.875,25.875,0.016875000000000005,0.0,1.0,,,,,,
2026-07-02 19:06:44,180.60193014144897,25.875,25.875,0.016687500000000004,0.0,1.0,,,,,,
2026-07-02 19:06:46,182.39531826972961,25.875,25.875,0.01625,0.0,1.0,,,,,,
2026-07-02 19:06:47,184.18599390983582,25.875,25.875,0.016395833333333335,0.0,1.0,,,,,,
2026-07-02 19:06:49,185.97807240486145,25.875,25.875,0.016895833333333336,0.0,1.0,,,,,,
2026-07-02 19:06:51,187.76973295211792,25.875,25.875,0.015375000000000002,0.0,1.0,,,,,,
2026-07-02 19:06:53,189.56165432929993,25.875,25.875,0.016458333333333335,0.0,1.0,,,,,,
2026-07-02 19:06:54,191.35411620140076,25.875,25.875,0.0168125,0.0,1.0,,,,,,
2026-07-02 19:06:56,193.14911437034607,25.875,25.875,0.015395833333333336,0.0,1.0,,,,,,
2026-07-02 19:06:58,194.9376187324524,25.875,25.875,0.01629166666666667,0.0,1.0,,,,,,
2026-07-02 19:07:00,196.75408506393433,25.875,25.875,0.01647916666666667,0.0,1.0,,,,,,
2026-07-02 19:07:02,198.55679559707642,25.875,25.75,0.016187500000000004,0.0,1.0,,,,,,
2026-07-02 19:07:03,200.34556317329407,25.875,25.875,0.016416666666666666,0.0,1.0,,,,,,
2026-07-02 19:07:05,202.1460783481598,25.875,25.75,0.01591666666666667,0.0,1.0,,,,,,
2026-07-02 19:07:07,203.96167945861816,25.875,25.875,0.016083333333333335,0.0,1.0,,,,,,
2026-07-02 19:07:09,205.75769066810608,25.875,25.875,0.015833333333333335,0.0,1.0,,,,,,
2026-07-02 19:07:11,207.55005860328674,25.875,25.875,0.01629166666666667,0.0,1.0,,,,,,
2026-07-02 19:07:12,209.36966586112976,25.875,25.875,0.01616666666666667,0.0,1.0,,,,,,
2026-07-02 19:07:14,211.16566705703735,25.875,25.875,0.015958333333333335,0.0,1.0,,,,,,
2026-07-02 19:07:16,212.95817852020264,25.875,25.875,0.01679166666666667,0.0,1.0,,,,,,
2026-07-02 19:07:18,214.77804684638977,25.875,25.875,2.5855625000000004,50.0,1.0,,,,,,
2026-07-02 19:07:20,216.60173058509827,25.875,25.875,2.547354166666667,50.0,1.0,,,,,,
2026-07-02 19:07:22,218.3942530155182,25.875,25.875,2.534854166666667,50.0,1.0,,,,,,
2026-07-02 19:07:23,220.18731045722961,25.875,25.875,2.454791666666667,50.0,1.0,,,,,,
2026-07-02 19:07:25,221.97766256332397,25.875,25.875,2.4487291666666673,50.0,1.0,,,,,,
2026-07-02 19:07:27,223.77373933792114,25.875,25.875,2.494666666666667,50.0,1.0,,,,,,
2026-07-02 19:07:29,225.59972262382507,25.875,26.0,2.450375,50.0,1.0,,,,,,
2026-07-02 19:07:31,227.42212510108948,25.875,25.875,2.4787083333333335,50.0,1.0,,,,,,
2026-07-02 19:07:32,229.24590396881104,25.875,25.875,2.4152291666666668,50.0,1.0,,,,,,
2026-07-02 19:07:34,231.06648516654968,25.875,25.875,2.4085833333333335,50.0,1.0,,,,,,
2026-07-02 19:07:36,232.8576376438141,25.875,25.875,2.459333333333334,50.0,1.0,,,,,,
2026-07-02 19:07:38,234.65049576759338,25.812,25.875,2.398729166666667,50.0,1.0,,,,,,
2026-07-02 19:07:40,236.47683334350586,25.812,26.0,2.3957083333333338,50.0,1.0,,,,,,
2026-07-02 19:07:41,238.26834678649902,25.812,26.0,2.423666666666667,50.0,1.0,,,,,,
2026-07-02 19:07:43,240.06264543533325,25.812,25.875,2.3834583333333335,50.0,1.0,,,,,,
2026-07-02 19:07:45,241.88168120384216,25.75,26.0,2.38075,50.0,1.0,,,,,,
2026-07-02 19:07:47,243.6737277507782,25.75,26.0,2.417979166666667,50.0,1.0,,,,,,
2026-07-02 19:07:49,245.47027897834778,25.687,26.0,2.37225,50.0,1.0,,,,,,
2026-07-02 19:07:50,247.2895860671997,25.687,26.0,2.369041666666667,50.0,1.0,,,,,,
2026-07-02 19:07:52,249.08158612251282,25.687,26.0,2.3975208333333335,50.0,1.0,,,,,,
2026-07-02 19:07:54,250.87418031692505,25.625,26.0,2.359354166666667,50.0,1.0,,,,,,
2026-07-02 19:07:56,252.68591618537903,25.625,26.0,2.357916666666667,50.0,1.0,,,,,,
2026-07-02 19:07:58,254.48969507217407,25.562,26.0,2.4022708333333336,50.0,1.0,,,,,,
2026-07-02 19:07:59,256.282142162323,25.562,26.0,2.354895833333334,50.0,1.0,,,,,,
2026-07-02 19:08:01,258.0736994743347,25.5,26.0,2.3509583333333333,50.0,1.0,,,,,,
2026-07-02 19:08:03,259.8656942844391,25.5,26.0,2.3785625,50.0,1.0,,,,,,
2026-07-02 19:08:05,261.66263914108276,25.437,26.0,2.3460625000000004,50.0,1.0,,,,,,
2026-07-02 19:08:07,263.4817945957184,25.437,26.125,2.3415208333333335,50.0,1.0,,,,,,
2026-07-02 19:08:08,265.2736248970032,25.375,26.0,2.382854166666667,50.0,1.0,,,,,,
2026-07-02 19:08:10,267.0696358680725,25.312,26.0,2.335875,50.0,1.0,,,,,,
2026-07-02 19:08:12,268.85763788223267,25.312,26.125,2.3317083333333337,50.0,1.0,,,,,,
2026-07-02 19:08:14,270.6495876312256,25.25,26.125,2.3525625000000003,50.0,1.0,,,,,,
2026-07-02 19:08:16,272.4461131095886,25.25,26.125,2.3251041666666667,50.0,1.0,,,,,,
2026-07-02 19:08:17,274.26647782325745,25.187,26.125,2.324125,50.0,1.0,,,,,,
2026-07-02 19:08:19,276.0616600513458,25.187,26.125,2.3471458333333333,50.0,1.0,,,,,,
2026-07-02 19:08:21,277.8503215312958,25.125,26.125,2.3515625000000004,50.0,1.0,,,,,,
2026-07-02 19:08:23,279.64611077308655,25.125,26.125,2.3216250000000005,50.0,1.0,,,,,,
2026-07-02 19:08:25,281.46568632125854,25.062,26.25,2.3173958333333338,50.0,1.0,,,,,,
2026-07-02 19:08:26,283.2575902938843,25.062,26.25,2.358791666666667,50.0,1.0,,,,,,
2026-07-02 19:08:28,285.05402183532715,25.0,26.25,2.3172916666666667,50.0,1.0,,,,,,
2026-07-02 19:08:30,286.87367963790894,25.0,26.25,2.3101875000000005,50.0,1.0,,,,,,
2026-07-02 19:08:32,288.665607213974,24.937,26.25,2.3422500000000004,50.0,1.0,,,,,,
2026-07-02 19:08:34,290.4621322154999,24.875,26.375,2.3063333333333333,50.0,1.0,,,,,,
2026-07-02 19:08:35,292.2856969833374,24.875,26.375,2.305666666666667,50.0,1.0,,,,,,
2026-07-02 19:08:37,294.07369565963745,24.875,26.375,2.338416666666667,50.0,1.0,,,,,,
2026-07-02 19:08:39,295.86615538597107,24.812,26.375,2.302541666666667,50.0,1.0,,,,,,
2026-07-02 19:08:41,297.6577203273773,24.812,26.375,2.302291666666667,50.0,1.0,,,,,,
2026-07-02 19:08:43,299.4496898651123,24.812,26.375,2.3363541666666667,50.0,1.0,,,,,,
2026-07-02 19:08:44,301.25583267211914,24.75,26.375,2.3186458333333335,50.0,1.0,,,,,,
2026-07-02 19:08:46,303.0700306892395,24.75,26.375,2.2958125000000003,50.0,1.0,,,,,,
2026-07-02 19:08:48,304.88965582847595,24.687,26.375,2.2945625,50.0,1.0,,,,,,
2026-07-02 19:08:50,306.68553948402405,24.687,26.375,2.3464166666666673,50.0,1.0,,,,,,
2026-07-02 19:08:52,308.4741072654724,24.687,26.5,2.3007500000000003,50.0,1.0,,,,,,
2026-07-02 19:08:53,310.2656772136688,24.625,26.375,2.2930208333333337,50.0,1.0,,,,,,
2026-07-02 19:08:55,312.06096601486206,24.625,26.375,2.345604166666667,50.0,1.0,,,,,,
2026-07-02 19:08:57,313.85015749931335,24.625,26.5,2.3432083333333336,50.0,1.0,,,,,,
2026-07-02 19:08:59,315.67811036109924,24.562,26.5,2.288479166666667,50.0,1.0,,,,,,
2026-07-02 19:09:01,317.50224018096924,24.562,26.5,2.2883333333333336,50.0,1.0,,,,,,
2026-07-02 19:09:02,319.321631193161,24.562,26.5,2.3353333333333337,50.0,1.0,,,,,,
2026-07-02 19:09:04,321.1140480041504,24.5,26.5,2.286791666666667,50.0,1.0,,,,,,
2026-07-02 19:09:06,322.905620098114,24.5,26.5,2.2883750000000003,50.0,1.0,,,,,,
2026-07-02 19:09:08,324.69775104522705,24.5,26.5,2.325979166666667,50.0,1.0,,,,,,
2026-07-02 19:09:10,326.490113735199,24.437,26.5,2.284708333333334,50.0,1.0,,,,,,
2026-07-02 19:09:11,328.2834737300873,24.437,26.5,2.283104166666667,50.0,1.0,,,,,,
2026-07-02 19:09:13,330.07364082336426,24.437,26.625,2.3361458333333336,50.0,1.0,,,,,,
2026-07-02 19:09:15,331.8741216659546,24.437,26.625,2.3338750000000004,50.0,1.0,,,,,,
2026-07-02 19:09:17,333.69447684288025,24.437,26.625,0.5965625000000001,10.0,0.0,,,,,,
2026-07-02 19:09:19,335.5136983394623,24.375,26.625,0.5835,10.0,0.0,,,,,,
2026-07-02 19:09:20,337.3056378364563,24.375,26.625,0.6445625,10.0,0.0,,,,,,
2026-07-02 19:09:22,339.10303568840027,24.375,26.625,0.5757916666666667,10.0,0.0,,,,,,
2026-07-02 19:09:24,340.92165517807007,24.375,26.625,0.5740208333333333,10.0,0.0,,,,,,
2026-07-02 19:09:26,342.7138919830322,24.375,26.75,0.6048125000000001,10.0,0.0,,,,,,
2026-07-02 19:09:28,344.5132155418396,24.375,26.75,0.5754166666666667,10.0,0.0,,,,,,
2026-07-02 19:09:29,346.32965898513794,24.375,26.75,0.5735208333333335,10.0,0.0,,,,,,
2026-07-02 19:09:31,348.12170934677124,24.375,26.75,0.6254375000000001,10.0,0.0,,,,,,
2026-07-02 19:09:33,349.9181180000305,24.375,26.75,0.5750416666666668,10.0,0.0,,,,,,
2026-07-02 19:09:35,351.73763847351074,24.375,26.75,0.5708958333333334,10.0,0.0,,,,,,
2026-07-02 19:09:37,353.5295922756195,24.375,26.75,0.6288125000000001,10.0,0.0,,,,,,
2026-07-02 19:09:38,355.3267455101013,24.437,26.75,0.5692500000000001,10.0,0.0,,,,,,
2026-07-02 19:09:40,357.14563941955566,24.437,26.875,0.5700833333333335,10.0,0.0,,,,,,
2026-07-02 19:09:42,358.9416992664337,24.437,26.875,0.6329375,10.0,0.0,,,,,,
2026-07-02 19:09:44,360.7301151752472,24.5,26.875,0.5723958333333334,10.0,0.0,,,,,,
2026-07-02 19:09:46,362.5538399219513,24.5,26.875,0.5692291666666668,10.0,0.0,,,,,,
2026-07-02 19:09:47,364.3457269668579,24.562,26.75,0.6167291666666668,10.0,0.0,,,,,,
2026-07-02 19:09:49,366.14213514328003,24.625,26.875,0.5694583333333334,10.0,0.0,,,,,,
2026-07-02 19:09:51,367.96169877052307,24.687,26.875,0.5718541666666667,10.0,0.0,,,,,,
2026-07-02 19:09:53,369.7536156177521,24.75,26.875,0.5979166666666668,10.0,0.0,,,,,,
2026-07-02 19:09:55,371.55860662460327,24.75,26.875,0.6318958333333334,10.0,0.0,,,,,,
2026-07-02 19:09:57,373.3740563392639,24.875,26.875,0.6283541666666668,10.0,0.0,,,,,,
2026-07-02 19:09:58,375.1980564594269,24.937,26.875,0.5693333333333334,10.0,0.0,,,,,,
2026-07-02 19:10:00,377.0177094936371,25.0,26.875,0.5675208333333335,10.0,0.0,,,,,,
2026-07-02 19:10:02,378.80971002578735,25.062,26.875,0.6276458333333335,10.0,0.0,,,,,,
2026-07-02 19:10:04,380.6021580696106,25.125,26.875,0.5692916666666666,10.0,0.0,,,,,,
2026-07-02 19:10:06,382.3977129459381,25.187,26.875,0.5669583333333335,10.0,0.0,,,,,,
2026-07-02 19:10:07,384.18567657470703,25.25,26.875,0.6305208333333334,10.0,0.0,,,,,,
2026-07-02 19:10:09,385.9781620502472,25.312,27.0,0.6264375000000001,10.0,0.0,,,,,,
2026-07-02 19:10:11,387.80205035209656,25.437,26.875,0.5673750000000001,10.0,0.0,,,,,,
2026-07-02 19:10:13,389.5936417579651,25.5,26.875,0.5655625000000001,10.0,0.0,,,,,,
2026-07-02 19:10:15,391.3856008052826,25.562,26.875,0.6034166666666667,10.0,0.0,,,,,,
2026-07-02 19:10:16,393.18137097358704,25.625,26.875,0.6278958333333334,10.0,0.0,,,,,,
2026-07-02 19:10:18,395.0021381378174,25.687,26.875,0.5694375,10.0,0.0,,,,,,
2026-07-02 19:10:20,396.7936518192291,25.812,26.875,0.5668541666666667,10.0,0.0,,,,,,
2026-07-02 19:10:22,398.5875458717346,25.875,27.0,0.6244583333333333,10.0,0.0,,,,,,
2026-07-02 19:10:24,400.3821382522583,25.937,27.0,0.5662916666666667,10.0,0.0,,,,,,
2026-07-02 19:10:25,402.20181941986084,26.0,26.875,0.5657500000000001,10.0,0.0,,,,,,
2026-07-02 19:10:27,403.9978606700897,26.125,26.875,0.6304166666666667,10.0,0.0,,,,,,
2026-07-02 19:10:29,405.818151473999,26.187,26.875,0.5651875000000001,10.0,0.0,,,,,,
2026-07-02 19:10:31,407.6095812320709,26.25,26.875,0.5659583333333333,10.0,0.0,,,,,,
2026-07-02 19:10:33,409.40888929367065,26.312,26.875,0.6199375,10.0,0.0,,,,,,
2026-07-02 19:10:34,411.22724413871765,26.375,26.875,0.5649375000000001,10.0,0.0,,,,,,
2026-07-02 19:10:36,413.0176672935486,26.437,26.875,0.5683333333333335,10.0,0.0,,,,,,
2026-07-02 19:10:38,414.80970287323,26.562,26.875,0.6107291666666668,10.0,0.0,,,,,,
2026-07-02 19:10:40,416.606121301651,26.625,26.875,0.5660000000000001,10.0,0.0,,,,,,
2026-07-02 19:10:42,418.4256839752197,26.687,27.0,0.5643125,10.0,0.0,,,,,,
2026-07-02 19:10:43,420.22115564346313,26.75,26.875,0.6275625,10.0,0.0,,,,,,
2026-07-02 19:10:45,422.01014018058777,26.812,26.875,0.5649166666666667,10.0,0.0,,,,,,
2026-07-02 19:10:47,423.8016257286072,26.937,26.875,0.5679583333333335,10.0,0.0,,,,,,
2026-07-02 19:10:49,425.5936508178711,27.0,26.875,0.6263958333333335,10.0,0.0,,,,,,
2026-07-02 19:10:51,427.38607358932495,27.062,26.875,0.6242708333333334,10.0,0.0,,,,,,
2026-07-02 19:10:52,429.1780707836151,27.125,27.0,0.5609375000000001,10.0,0.0,,,,,,
2026-07-02 19:10:54,430.9709801673889,27.187,26.875,0.5680416666666667,10.0,0.0,,,,,,
2026-07-02 19:10:56,432.76171875,27.25,26.875,0.6224375000000001,10.0,0.0,,,,,,
2026-07-02 19:10:58,434.58614683151245,27.312,26.875,0.6230416666666668,10.0,0.0,,,,,,
2026-07-02 19:11:00,436.38195872306824,27.375,26.875,0.5628125,10.0,0.0,,,,,,
2026-07-02 19:11:01,438.2016854286194,27.437,26.875,0.5631875000000001,10.0,0.0,,,,,,
2026-07-02 19:11:03,439.9936857223511,27.5,26.875,0.6186666666666667,10.0,0.0,,,,,,
2026-07-02 19:11:05,441.79410672187805,27.562,26.875,0.5635625000000001,10.0,0.0,,,,,,
2026-07-02 19:11:07,443.6096315383911,27.625,26.875,0.5627500000000001,10.0,0.0,,,,,,
2026-07-02 19:11:09,445.40165877342224,27.687,26.875,0.6215625,10.0,0.0,,,,,,
2026-07-02 19:11:10,447.2054178714752,27.75,26.75,0.6179375000000001,10.0,0.0,,,,,,
2026-07-02 19:11:12,449.0181713104248,27.812,26.875,0.6168125,10.0,0.0,,,,,,
2026-07-02 19:11:14,450.81423163414,27.875,26.75,0.6295000000000001,10.0,0.0,,,,,,
2026-07-02 19:11:16,452.63417053222656,27.937,26.75,0.5653541666666667,10.0,0.0,,,,,,
2026-07-02 19:11:18,454.42567443847656,27.937,26.75,0.5632708333333334,10.0,0.0,,,,,,
2026-07-02 19:11:19,456.21773290634155,28.062,26.75,0.6007083333333334,10.0,0.0,,,,,,
2026-07-02 19:11:21,458.0134902000427,28.125,26.75,0.6242500000000001,10.0,0.0,,,,,,
2026-07-02 19:11:23,459.806054353714,28.125,26.75,0.5625833333333333,10.0,0.0,,,,,,
2026-07-02 19:11:25,461.6296236515045,28.187,26.75,0.5616666666666666,10.0,0.0,,,,,,
2026-07-02 19:11:27,463.4496169090271,28.25,26.75,0.6233541666666668,10.0,0.0,,,,,,
2026-07-02 19:11:28,465.24607133865356,28.25,26.75,0.5607083333333335,10.0,0.0,,,,,,
2026-07-02 19:11:30,467.0657024383545,28.312,26.75,0.5640416666666668,10.0,0.0,,,,,,
2026-07-02 19:11:32,468.8578612804413,28.375,26.75,0.6195208333333334,10.0,0.0,,,,,,
2026-07-02 19:11:34,470.6501564979553,28.437,26.75,0.5625000000000001,10.0,0.0,,,,,,
2026-07-02 19:11:36,472.4417419433594,28.5,26.75,0.5618125,10.0,0.0,,,,,,
2026-07-02 19:11:37,474.23374223709106,28.5,26.75,0.5897916666666667,10.0,0.0,,,,,,
2026-07-02 19:11:39,476.02622389793396,28.562,26.625,0.6238958333333334,10.0,0.0,,,,,,
2026-07-02 19:11:41,477.8500864505768,28.625,26.625,0.561,10.0,0.0,,,,,,
2026-07-02 19:11:43,479.64511942863464,28.687,26.625,0.5609166666666667,10.0,0.0,,,,,,
2026-07-02 19:11:45,481.43363666534424,28.687,26.75,0.6214583333333333,10.0,0.0,,,,,,
2026-07-02 19:11:46,483.2260744571686,28.75,26.75,0.6165833333333334,10.0,0.0,,,,,,
2026-07-02 19:11:48,485.0217025279999,28.812,26.75,0.6153125,10.0,0.0,,,,,,
2026-07-02 19:11:50,486.8435082435608,28.812,26.625,0.6203125,10.0,0.0,,,,,,
2026-07-02 19:11:52,488.6381537914276,28.875,26.625,0.6213125000000002,10.0,0.0,,,,,,
2026-07-02 19:11:54,490.46775555610657,28.937,26.625,0.5615625000000001,10.0,0.0,,,,,,
2026-07-02 19:11:55,492.2817003726959,29.0,26.625,0.5601250000000001,10.0,0.0,,,,,,
2026-07-02 19:11:57,494.0738778114319,29.0,26.625,0.5865833333333335,10.0,0.0,,,,,,
2026-07-02 19:11:59,495.87011194229126,29.062,26.625,0.5627083333333334,10.0,0.0,,,,,,
2026-07-02 19:12:01,497.6896321773529,29.125,26.625,0.5602500000000001,10.0,0.0,,,,,,
2026-07-02 19:12:03,499.4816837310791,29.125,26.625,0.6062708333333334,10.0,0.0,,,,,,
2026-07-02 19:12:04,501.2741093635559,29.187,26.625,0.5602916666666667,10.0,0.0,,,,,,
2026-07-02 19:12:06,503.06571674346924,29.25,26.5,0.5595625,10.0,0.0,,,,,,
2026-07-02 19:12:08,504.8576924800873,29.25,26.625,0.6228958333333334,10.0,0.0,,,,,,
2026-07-02 19:12:10,506.6501841545105,29.312,26.5,0.6200000000000001,10.0,0.0,,,,,,
2026-07-02 19:12:12,508.4421947002411,29.312,26.5,0.6106666666666668,10.0,0.0,,,,,,
2026-07-02 19:12:13,510.2702000141144,29.375,26.5,0.5641875000000001,10.0,0.0,,,,,,
2026-07-02 19:12:15,512.0934927463531,29.437,26.5,0.5593333333333333,10.0,0.0,,,,,,
2026-07-02 19:12:17,513.8817801475525,29.437,26.5,0.5921041666666668,10.0,0.0,,,,,,
2026-07-02 19:12:19,515.6781034469604,29.5,26.5,0.5628750000000001,10.0,0.0,,,,,,
2026-07-02 19:12:21,517.5020651817322,29.562,26.375,0.5596666666666668,10.0,0.0,,,,,,
2026-07-02 19:12:22,519.3216741085052,29.562,26.375,0.5986041666666667,10.0,0.0,,,,,,
2026-07-02 19:12:24,521.118170261383,29.625,26.375,0.5586875000000001,10.0,0.0,,,,,,
2026-07-02 19:12:26,522.9376826286316,29.625,26.375,0.5594791666666667,10.0,0.0,,,,,,
2026-07-02 19:12:28,524.729683637619,29.687,26.375,0.61975,10.0,0.0,,,,,,
2026-07-02 19:12:30,526.5261595249176,29.687,26.375,0.5594166666666668,10.0,0.0,,,,,,
2026-07-02 19:12:31,528.3491702079773,29.75,26.375,0.5597708333333334,10.0,0.0,,,,,,
2026-07-02 19:12:33,530.1376943588257,29.812,26.375,0.6143333333333334,10.0,0.0,,,,,,
2026-07-02 19:12:35,531.9301090240479,29.812,26.375,0.5578958333333334,10.0,0.0,,,,,,
2026-07-02 19:12:37,533.7287828922272,29.875,26.375,0.558875,10.0,0.0,,,,,,
2026-07-02 19:12:39,535.5456881523132,29.937,26.375,0.6126250000000001,10.0,0.0,,,,,,
2026-07-02 19:12:40,537.3382561206818,29.937,26.375,0.558875,10.0,0.0,,,,,,
2026-07-02 19:12:42,539.1314077377319,29.937,26.375,0.5593333333333333,10.0,0.0,,,,,,
2026-07-02 19:12:44,540.9217462539673,30.0,26.375,0.6075,10.0,0.0,,,,,,
2026-07-02 19:12:46,542.7151944637299,30.0,26.25,0.5610208333333334,10.0,0.0,,,,,,
2026-07-02 19:12:48,544.5057399272919,30.062,26.25,0.5587916666666667,10.0,0.0,,,,,,
2026-07-02 19:12:49,546.2978827953339,30.062,26.25,0.6143541666666668,10.0,0.0,,,,,,
2026-07-02 19:12:51,548.1262209415436,30.125,26.25,0.5597291666666667,10.0,0.0,,,,,,
2026-07-02 19:12:53,549.9456820487976,30.125,26.25,0.5588958333333334,10.0,0.0,,,,,,
2026-07-02 19:12:55,551.7416725158691,30.187,26.25,0.621125,10.0,0.0,,,,,,
2026-07-02 19:12:57,553.5662834644318,30.187,26.25,0.6907291666666667,10.0,0.0,,,,,,
2026-07-02 19:12:59,555.3863360881805,30.25,26.25,0.561,10.0,0.0,,,,,,
2026-07-02 19:13:00,557.2102506160736,30.25,26.25,3.329541666666667,70.0,0.0,,,,,,
2026-07-02 19:13:02,559.001797914505,30.25,26.125,3.234104166666667,70.0,0.0,,,,,,
2026-07-02 19:13:04,560.8007762432098,30.25,26.25,3.110583333333334,70.0,0.0,,,,,,
2026-07-02 19:13:06,562.6176855564117,30.312,26.125,3.069833333333334,70.0,0.0,,,,,,
2026-07-02 19:13:08,564.4096922874451,30.375,26.125,3.0965625,70.0,0.0,,,,,,
2026-07-02 19:13:09,566.2096774578094,30.375,26.125,3.0235833333333337,70.0,0.0,,,,,,
2026-07-02 19:13:11,568.0257678031921,30.437,26.125,3.0135833333333335,70.0,0.0,,,,,,
2026-07-02 19:13:13,569.8177042007446,30.437,26.125,3.039541666666667,70.0,0.0,,,,,,
2026-07-02 19:13:15,571.6142053604126,30.5,26.125,2.988791666666667,70.0,0.0,,,,,,
2026-07-02 19:13:17,573.4337139129639,30.562,26.125,2.9792708333333335,70.0,0.0,,,,,,
2026-07-02 19:13:18,575.2257828712463,30.562,26.125,3.0247083333333338,70.0,0.0,,,,,,
2026-07-02 19:13:20,577.0221948623657,30.687,26.0,2.9680416666666667,70.0,0.0,,,,,,
2026-07-02 19:13:22,578.8416767120361,30.75,26.0,2.9604375000000003,70.0,0.0,,,,,,
2026-07-02 19:13:24,580.6336965560913,30.812,26.0,3.00625,70.0,0.0,,,,,,
2026-07-02 19:13:26,582.4261364936829,30.937,26.0,2.949020833333334,70.0,0.0,,,,,,
2026-07-02 19:13:27,584.2177591323853,31.0,26.0,2.943416666666667,70.0,0.0,,,,,,
2026-07-02 19:13:29,586.0097000598907,31.187,26.0,2.965958333333334,70.0,0.0,,,,,,
2026-07-02 19:13:31,587.8171584606171,31.25,26.0,2.9340625000000005,70.0,0.0,,,,,,
2026-07-02 19:13:33,589.6257522106171,31.437,26.0,2.9301875,70.0,0.0,,,,,,
2026-07-02 19:13:35,591.417849779129,31.562,26.0,2.9716250000000004,70.0,0.0,,,,,,
2026-07-02 19:13:36,593.2114078998566,31.687,26.0,2.9229583333333338,70.0,0.0,,,,,,
2026-07-02 19:13:38,595.0018246173859,31.875,26.0,2.9215625000000007,70.0,0.0,,,,,,
2026-07-02 19:13:40,596.7936904430389,32.062,26.0,2.9690208333333334,70.0,0.0,,,,,,
2026-07-02 19:13:42,598.5903604030609,32.187,26.0,2.9135625000000003,70.0,0.0,,,,,,
2026-07-02 19:13:44,600.4097785949707,32.375,25.875,2.907104166666667,70.0,0.0,,,,,,
2026-07-02 19:13:45,602.2059762477875,32.562,26.0,2.953791666666667,70.0,0.0,,,,,,
2026-07-02 19:13:47,604.0295338630676,32.75,25.875,2.8997083333333338,70.0,0.0,,,,,,
2026-07-02 19:13:49,605.8204045295715,32.937,25.875,2.8978333333333337,70.0,0.0,,,,,,
2026-07-02 19:13:51,607.6097428798676,33.187,25.875,2.9268125,70.0,0.0,,,,,,
2026-07-02 19:13:53,609.403352022171,33.375,25.875,2.890541666666667,70.0,0.0,,,,,,
2026-07-02 19:13:54,611.1937146186829,33.562,25.875,2.8864375000000004,70.0,0.0,,,,,,
2026-07-02 19:13:56,612.9856994152069,33.75,25.875,2.928291666666667,70.0,0.0,,,,,,
2026-07-02 19:13:58,614.7781984806061,34.0,25.875,2.9268125,70.0,0.0,,,,,,
2026-07-02 19:14:00,616.5741260051727,34.187,25.875,2.921916666666667,70.0,0.0,,,,,,
2026-07-02 19:14:02,618.3941550254822,34.375,25.875,2.9171875000000007,70.0,0.0,,,,,,
2026-07-02 19:14:03,620.1902148723602,34.625,25.875,2.912791666666667,70.0,0.0,,,,,,
2026-07-02 19:14:05,622.01424908638,34.875,25.875,2.861958333333334,70.0,0.0,,,,,,
2026-07-02 19:14:07,623.8377180099487,35.062,25.875,2.8601458333333336,70.0,0.0,,,,,,
2026-07-02 19:14:09,625.6326878070831,35.25,25.875,2.9053333333333335,70.0,0.0,,,,,,
2026-07-02 19:14:11,627.4502151012421,35.5,25.75,2.8543125000000003,70.0,0.0,,,,,,
2026-07-02 19:14:12,629.2417683601379,35.687,25.75,2.852666666666667,70.0,0.0,,,,,,
2026-07-02 19:14:14,631.0337574481964,35.937,25.75,2.893416666666667,70.0,0.0,,,,,,
2026-07-02 19:14:16,632.8315243721008,36.125,25.75,2.8500833333333335,70.0,0.0,,,,,,
2026-07-02 19:14:18,634.649655342102,36.375,25.75,2.8484166666666666,70.0,0.0,,,,,,
2026-07-02 19:14:20,636.448187828064,36.562,25.75,2.8958333333333335,70.0,0.0,,,,,,
2026-07-02 19:14:21,638.266149520874,36.812,25.75,2.8407500000000003,70.0,0.0,,,,,,
2026-07-02 19:14:23,640.0577552318573,37.0,25.75,2.8385000000000002,70.0,0.0,,,,,,
2026-07-02 19:14:25,641.8497579097748,37.25,25.75,2.886979166666667,70.0,0.0,,,,,,
2026-07-02 19:14:27,643.6422367095947,37.437,25.75,2.834145833333334,70.0,0.0,,,,,,
2026-07-02 19:14:29,645.4337406158447,37.687,25.75,2.8300416666666672,70.0,0.0,,,,,,
2026-07-02 19:14:30,647.2294163703918,37.875,25.75,2.853395833333334,70.0,0.0,,,,,,
2026-07-02 19:14:32,649.0182147026062,38.125,25.75,2.8262500000000004,70.0,0.0,,,,,,
2026-07-02 19:14:34,650.8136904239655,38.312,25.75,2.821854166666667,70.0,0.0,,,,,,
2026-07-02 19:14:36,652.6016843318939,38.5,25.625,2.859770833333334,70.0,0.0,,,,,,
2026-07-02 19:14:38,654.3981745243073,38.75,25.75,2.8623125000000007,70.0,0.0,,,,,,
2026-07-02 19:14:39,656.2181487083435,38.937,25.75,2.8558333333333334,70.0,0.0,,,,,,
2026-07-02 19:14:41,658.0424301624298,39.187,25.75,2.8100833333333335,70.0,0.0,,,,,,
2026-07-02 19:14:43,659.8337440490723,39.375,25.625,2.808208333333334,70.0,0.0,,,,,,
2026-07-02 19:14:45,661.6257562637329,39.562,25.75,2.836395833333334,70.0,0.0,,,,,,
2026-07-02 19:14:47,663.4217104911804,39.812,25.75,2.8508958333333334,70.0,0.0,,,,,,
2026-07-02 19:14:48,665.2462830543518,40.0,25.75,2.7998125000000003,70.0,0.0,,,,,,
2026-07-02 19:14:50,667.0657753944397,40.25,25.625,2.7978333333333336,70.0,0.0,,,,,,
2026-07-02 19:14:52,668.8576662540436,40.375,25.625,2.8207500000000003,70.0,0.0,,,,,,
2026-07-02 19:14:54,670.6501517295837,40.625,25.75,2.793916666666667,70.0,0.0,,,,,,
2026-07-02 19:14:56,672.441900730133,40.812,25.625,2.794291666666667,70.0,0.0,,,,,,
2026-07-02 19:14:57,674.2372074127197,41.0,25.75,2.8266666666666667,70.0,0.0,,,,,,
2026-07-02 19:14:59,676.026275396347,41.25,25.625,2.8311666666666673,70.0,0.0,,,,,,
2026-07-02 19:15:01,677.8542108535767,41.437,25.75,2.7814375000000005,70.0,0.0,,,,,,
2026-07-02 19:15:03,679.6784093379974,41.625,25.625,2.7790833333333333,70.0,0.0,,,,,,
2026-07-02 19:15:05,681.4977736473083,41.812,25.625,2.8271458333333337,70.0,0.0,,,,,,
2026-07-02 19:15:06,683.2902324199677,42.062,25.625,2.7743125,70.0,0.0,,,,,,
2026-07-02 19:15:08,685.0817685127258,42.25,25.75,2.772604166666667,70.0,0.0,,,,,,
2026-07-02 19:15:10,686.8736753463745,42.437,25.625,2.8186250000000004,70.0,0.0,,,,,,
2026-07-02 19:15:12,688.6703820228577,42.625,25.75,2.7700000000000005,70.0,0.0,,,,,,
2026-07-02 19:15:14,690.4897456169128,42.812,25.625,2.767833333333334,70.0,0.0,,,,,,
2026-07-02 19:15:15,692.2817575931549,43.062,25.625,2.7934375000000005,70.0,0.0,,,,,,
2026-07-02 19:15:17,694.0782706737518,43.25,25.75,2.7626250000000003,70.0,0.0,,,,,,
2026-07-02 19:15:19,695.9018630981445,43.437,25.625,2.763041666666667,70.0,0.0,,,,,,
2026-07-02 19:15:21,697.721922159195,43.625,25.625,2.8049166666666667,70.0,0.0,,,,,,
2026-07-02 19:15:23,699.5464749336243,43.812,25.75,2.798333333333334,70.0,0.0,,,,,,
2026-07-02 19:15:24,701.3440799713135,44.0,25.75,2.794479166666667,70.0,0.0,,,,,,
2026-07-02 19:15:26,703.1624274253845,44.187,25.75,2.748333333333334,70.0,0.0,,,,,,
2026-07-02 19:15:28,704.9539086818695,44.375,25.75,2.7473125,70.0,0.0,,,,,,
2026-07-02 19:15:30,706.7555086612701,44.562,25.75,2.786895833333334,70.0,0.0,,,,,,
2026-07-02 19:15:32,708.5743691921234,44.75,25.75,2.744479166666667,70.0,0.0,,,,,,
2026-07-02 19:15:34,710.3938655853271,44.937,25.625,2.73525,70.0,0.0,,,,,,
2026-07-02 19:15:35,712.1923942565918,45.125,25.625,2.785541666666667,70.0,0.0,,,,,,
2026-07-02 19:15:37,714.0102570056915,45.312,25.75,2.7358125,70.0,0.0,,,,,,
2026-07-02 19:15:39,715.8058090209961,45.5,25.625,2.733416666666667,70.0,0.0,,,,,,
2026-07-02 19:15:41,717.6258826255798,45.687,25.625,2.7823333333333333,70.0,0.0,,,,,,
2026-07-02 19:15:43,719.4224152565002,45.875,25.75,2.7738541666666667,70.0,0.0,,,,,,
2026-07-02 19:15:44,721.246267080307,46.062,25.625,2.7690208333333337,70.0,0.0,,,,,,
2026-07-02 19:15:46,723.0719101428986,46.25,25.75,2.7671458333333336,70.0,0.0,,,,,,
2026-07-02 19:15:48,724.8901658058167,46.437,25.625,2.722041666666667,70.0,0.0,,,,,,
2026-07-02 19:15:50,726.6818511486053,46.625,25.75,2.7216875000000003,70.0,0.0,,,,,,
2026-07-02 19:15:52,728.4737629890442,46.75,25.75,2.736166666666667,70.0,0.0,,,,,,
2026-07-02 19:15:53,730.27032995224,46.937,25.625,2.7591666666666668,70.0,0.0,,,,,,
2026-07-02 19:15:55,732.0942409038544,47.125,25.75,2.7154375000000006,70.0,0.0,,,,,,
2026-07-02 19:15:57,733.9137380123138,47.312,25.625,2.7116458333333333,70.0,0.0,,,,,,
2026-07-02 19:15:59,735.7058310508728,47.5,25.625,2.7451250000000003,70.0,0.0,,,,,,
2026-07-02 19:16:01,737.5022919178009,47.625,25.625,2.7086458333333336,70.0,0.0,,,,,,
2026-07-02 19:16:02,739.3218381404877,47.812,25.625,2.7070833333333337,70.0,0.0,,,,,,
2026-07-02 19:16:04,741.1137266159058,48.0,25.625,2.7486875000000004,70.0,0.0,,,,,,
2026-07-02 19:16:06,742.9063429832458,48.125,25.625,2.704229166666667,70.0,0.0,,,,,,
2026-07-02 19:16:08,744.6976997852325,48.312,25.625,2.7013125000000007,70.0,0.0,,,,,,
2026-07-02 19:16:10,746.4896714687347,48.5,25.625,2.7464583333333334,70.0,0.0,,,,,,
2026-07-02 19:16:11,748.2823305130005,48.625,25.625,2.7419375,70.0,0.0,,,,,,
2026-07-02 19:16:13,750.110253572464,48.812,25.625,2.695625,70.0,0.0,,,,,,
2026-07-02 19:16:15,751.9297597408295,49.0,25.625,2.6945208333333337,70.0,0.0,,,,,,
2026-07-02 19:16:17,753.7217833995819,49.187,25.625,2.7385208333333337,70.0,0.0,,,,,,
2026-07-02 19:16:19,755.5462734699249,49.312,25.625,2.691625,70.0,0.0,,,,,,
2026-07-02 19:16:20,757.3377587795258,49.5,25.625,2.691916666666667,70.0,0.0,,,,,,
2026-07-02 19:16:22,759.130086183548,49.625,25.625,2.3840833333333333,60.0,0.0,,,,,,
2026-07-02 19:16:24,760.9262616634369,49.812,25.625,2.365770833333334,60.0,0.0,,,,,,
2026-07-02 19:16:26,762.7457566261292,50.0,25.625,2.3741250000000003,60.0,0.0,,,,,,
2026-07-02 19:16:28,764.5378339290619,50.125,25.625,2.425041666666667,60.0,0.0,,,,,,
2026-07-02 19:16:29,766.3342928886414,50.25,25.625,2.379729166666667,60.0,0.0,,,,,,
2026-07-02 19:16:31,768.1537759304047,50.375,25.625,2.3792708333333334,60.0,0.0,,,,,,
2026-07-02 19:16:33,769.9456830024719,50.562,25.625,2.42675,60.0,0.0,,,,,,
2026-07-02 19:16:35,771.7381730079651,50.687,25.625,2.3797708333333336,60.0,0.0,,,,,,
2026-07-02 19:16:37,773.5297276973724,50.875,25.625,2.379729166666667,60.0,0.0,,,,,,
2026-07-02 19:16:38,775.3264305591583,51.0,25.625,2.4074375,60.0,0.0,,,,,,
2026-07-02 19:16:40,777.1462659835815,51.187,25.625,2.3792500000000003,60.0,0.0,,,,,,
2026-07-02 19:16:42,778.9377751350403,51.25,25.625,2.3788541666666667,60.0,0.0,,,,,,
2026-07-02 19:16:44,780.7297763824463,51.375,25.625,2.4184583333333336,60.0,0.0,,,,,,
2026-07-02 19:16:46,782.5222630500793,51.5,25.625,2.376041666666667,60.0,0.0,,,,,,
2026-07-02 19:16:47,784.3177604675293,51.625,25.625,2.3772708333333337,60.0,0.0,,,,,,
2026-07-02 19:16:49,786.1378083229065,51.75,25.625,2.4202500000000002,60.0,0.0,,,,,,
2026-07-02 19:16:51,787.9304711818695,51.937,25.625,2.374791666666667,60.0,0.0,,,,,,
2026-07-02 19:16:53,789.7217392921448,52.062,25.625,2.3758958333333333,60.0,0.0,,,,,,
2026-07-02 19:16:55,791.545793056488,52.187,25.625,2.418541666666667,60.0,0.0,,,,,,
2026-07-02 19:16:56,793.3421955108643,52.312,25.625,2.3721250000000005,60.0,0.0,,,,,,
2026-07-02 19:16:58,795.1617567539215,52.437,25.625,2.3710000000000004,60.0,0.0,,,,,,
2026-07-02 19:17:00,796.9537544250488,52.562,25.625,2.40625,60.0,0.0,,,,,,
2026-07-02 19:17:02,798.750248670578,52.687,25.625,2.3696458333333337,60.0,0.0,,,,,,
2026-07-02 19:17:04,800.5698006153107,52.75,25.625,2.368791666666667,60.0,0.0,,,,,,
2026-07-02 19:17:05,802.3618395328522,52.875,25.625,2.4126875,60.0,0.0,,,,,,
2026-07-02 19:17:07,804.1582918167114,53.0,25.625,2.3649583333333335,60.0,0.0,,,,,,
2026-07-02 19:17:09,805.977949142456,53.125,25.625,2.364666666666667,60.0,0.0,,,,,,
2026-07-02 19:17:11,807.7698347568512,53.25,25.625,2.412645833333334,60.0,0.0,,,,,,
2026-07-02 19:17:13,809.5622396469116,53.312,25.625,2.3637708333333336,60.0,0.0,,,,,,
2026-07-02 19:17:14,811.3537392616272,53.437,25.625,2.3640625,60.0,0.0,,,,,,
2026-07-02 19:17:16,813.1461389064789,53.562,25.625,2.4032500000000003,60.0,0.0,,,,,,
2026-07-02 19:17:18,814.9424383640289,53.687,25.625,2.360791666666667,60.0,0.0,,,,,,
2026-07-02 19:17:20,816.7617597579956,53.75,25.625,2.3603125000000005,60.0,0.0,,,,,,
2026-07-02 19:17:22,818.5591652393341,53.875,25.625,2.3944583333333336,60.0,0.0,,,,,,
2026-07-02 19:17:24,820.3783206939697,54.0,25.625,2.3584375,60.0,0.0,,,,,,
2026-07-02 19:17:25,822.1697978973389,54.062,25.625,2.3576458333333337,60.0,0.0,,,,,,
2026-07-02 19:17:27,823.9643654823303,54.187,25.625,2.4047708333333335,60.0,0.0,,,,,,
2026-07-02 19:17:29,825.7541754245758,54.25,25.625,2.356229166666667,60.0,0.0,,,,,,
2026-07-02 19:17:31,827.5457603931427,54.375,25.625,2.354416666666667,60.0,0.0,,,,,,
2026-07-02 19:17:32,829.3697814941406,54.437,25.625,2.3943333333333334,60.0,0.0,,,,,,
2026-07-02 19:17:34,831.1623060703278,54.562,25.625,2.3521250000000005,60.0,0.0,,,,,,
2026-07-02 19:17:36,832.9537923336029,54.625,25.625,2.3515000000000006,60.0,0.0,,,,,,
2026-07-02 19:17:38,834.7459666728973,54.687,25.625,2.379166666666667,60.0,0.0,,,,,,
2026-07-02 19:17:40,836.5439369678497,54.75,25.625,2.3507916666666673,60.0,0.0,,,,,,
2026-07-02 19:17:41,838.361837387085,54.875,25.625,2.351270833333334,60.0,0.0,,,,,,
2026-07-02 19:17:43,840.1586029529572,55.0,25.625,2.386520833333334,60.0,0.0,,,,,,
2026-07-02 19:17:45,841.978194475174,55.125,25.625,2.3477500000000004,60.0,0.0,,,,,,
2026-07-02 19:17:47,843.7697105407715,55.187,25.625,2.3455833333333334,60.0,0.0,,,,,,
2026-07-02 19:17:49,845.5644097328186,55.25,25.625,2.3950208333333336,60.0,0.0,,,,,,
2026-07-02 19:17:51,847.3582279682159,55.375,25.625,2.3453958333333333,60.0,0.0,,,,,,
2026-07-02 19:17:52,849.1778268814087,55.437,25.625,2.343479166666667,60.0,0.0,,,,,,
2026-07-02 19:17:54,850.9731276035309,55.5,25.625,2.389854166666667,60.0,0.0,,,,,,
2026-07-02 19:17:56,852.7625217437744,55.625,25.75,2.3433750000000004,60.0,0.0,,,,,,
2026-07-02 19:17:58,854.5537917613983,55.687,25.625,2.3424375000000004,60.0,0.0,,,,,,
2026-07-02 19:18:00,856.3502628803253,55.75,25.625,2.3724791666666674,60.0,0.0,,,,,,
2026-07-02 19:18:01,858.1744012832642,55.875,25.625,2.339541666666667,60.0,0.0,,,,,,
2026-07-02 19:18:03,859.9936866760254,55.937,25.75,2.3397708333333336,60.0,0.0,,,,,,
2026-07-02 19:18:05,861.7857382297516,56.0,25.75,2.380854166666667,60.0,0.0,,,,,,
2026-07-02 19:18:07,863.582218170166,56.062000000000005,25.75,2.337625,60.0,0.0,,,,,,
2026-07-02 19:18:09,865.4016935825348,56.125,25.75,2.3355833333333336,60.0,0.0,,,,,,
2026-07-02 19:18:10,867.1972942352295,56.25,25.75,2.3829375,60.0,0.0,,,,,,
2026-07-02 19:18:12,868.9862582683563,56.312000000000005,25.75,2.3350208333333335,60.0,0.0,,,,,,
2026-07-02 19:18:14,870.7777547836304,56.375,25.75,2.3347500000000005,60.0,0.0,,,,,,
2026-07-02 19:18:16,872.5735611915588,56.437000000000005,25.75,0.9079583333333334,20.0,0.0,,,,,,
2026-07-02 19:18:18,874.370356798172,56.562000000000005,25.75,0.8866458333333335,20.0,0.0,,,,,,
2026-07-02 19:18:19,876.1856961250305,56.625,25.75,0.9038125000000001,20.0,0.0,,,,,,
2026-07-02 19:18:21,877.9822089672089,56.687000000000005,25.875,0.9585833333333335,20.0,0.0,,,,,,
2026-07-02 19:18:23,879.802327632904,56.812000000000005,25.875,0.9118125000000001,20.0,0.0,,,,,,
2026-07-02 19:18:25,881.5937616825104,56.875,25.875,0.9168541666666667,20.0,0.0,,,,,,
2026-07-02 19:18:27,883.3912630081177,56.937000000000005,25.875,0.9701458333333334,20.0,0.0,,,,,,
2026-07-02 19:18:28,885.2103276252747,57.062000000000005,25.875,0.9690000000000001,20.0,0.0,,,,,,
2026-07-02 19:18:30,887.0023007392883,57.125,25.875,0.9211458333333334,20.0,0.0,,,,,,
2026-07-02 19:18:32,888.793693780899,57.187000000000005,25.875,0.9246458333333335,20.0,0.0,,,,,,
2026-07-02 19:18:34,890.5857818126678,57.25,25.875,0.9741041666666668,20.0,0.0,,,,,,
2026-07-02 19:18:36,892.3782758712769,57.25,25.875,0.9253333333333335,20.0,0.0,,,,,,
2026-07-02 19:18:37,894.1697824001312,57.312000000000005,25.875,0.9282083333333334,20.0,0.0,,,,,,
2026-07-02 19:18:39,895.961775302887,57.375,25.875,0.9585208333333335,20.0,0.0,,,,,,
2026-07-02 19:18:41,897.758250951767,57.375,25.875,0.9282916666666667,20.0,0.0,,,,,,
2026-07-02 19:18:43,899.5778834819794,57.375,26.0,0.9278125,20.0,0.0,,,,,,
2026-07-02 19:18:44,901.3698327541351,57.437000000000005,25.875,0.9765625000000001,20.0,0.0,,,,,,
2026-07-02 19:18:46,903.1623196601868,57.437000000000005,25.875,0.9303958333333334,20.0,0.0,,,,,,
2026-07-02 19:18:48,904.9545707702637,57.375,25.875,0.9284375000000001,20.0,0.0,,,,,,
2026-07-02 19:18:50,906.7457404136658,57.437000000000005,25.875,0.9836458333333334,20.0,0.0,,,,,,
2026-07-02 19:18:52,908.5382454395294,57.375,25.875,0.9326250000000001,20.0,0.0,,,,,,
2026-07-02 19:18:53,910.334538936615,57.375,26.0,0.9317291666666667,20.0,0.0,,,,,,
2026-07-02 19:18:55,912.1537349224091,57.375,25.875,0.9805208333333334,20.0,0.0,,,,,,
2026-07-02 19:18:57,913.9503064155579,57.375,25.875,0.9345208333333335,20.0,0.0,,,,,,
2026-07-02 19:18:59,915.7698230743408,57.375,25.875,0.9328125000000002,20.0,0.0,,,,,,
2026-07-02 19:19:01,917.5619964599609,57.312000000000005,25.875,0.9675416666666669,20.0,0.0,,,,,,
2026-07-02 19:19:02,919.3543274402618,57.25,25.875,0.9330416666666668,20.0,0.0,,,,,,
2026-07-02 19:19:04,921.1474583148956,57.312000000000005,25.875,0.9365416666666668,20.0,0.0,,,,,,
2026-07-02 19:19:06,922.9699487686157,57.25,25.875,0.9837083333333334,20.0,0.0,,,,,,
2026-07-02 19:19:08,924.7661683559418,57.25,25.875,0.9368750000000001,20.0,0.0,,,,,,
2026-07-02 19:19:10,926.5857906341553,57.187000000000005,25.875,0.9347083333333335,20.0,0.0,,,,,,
2026-07-02 19:19:12,928.3777422904968,57.125,26.0,0.9882708333333334,20.0,0.0,,,,,,
2026-07-02 19:19:13,930.1702308654785,57.062000000000005,26.0,0.9350625000000001,20.0,0.0,,,,,,
2026-07-02 19:19:15,931.9690046310425,57.0,25.875,0.9352083333333334,20.0,0.0,,,,,,
2026-07-02 19:19:17,933.785787820816,56.937000000000005,26.0,0.9880416666666667,20.0,0.0,,,,,,
2026-07-02 19:19:19,935.5783059597015,56.875,25.875,0.9368750000000001,20.0,0.0,,,,,,
2026-07-02 19:19:20,937.3725616931915,56.875,25.875,0.9400416666666668,20.0,0.0,,,,,,
2026-07-02 19:19:22,939.1617887020111,56.812000000000005,26.0,0.9800208333333335,20.0,0.0,,,,,,
2026-07-02 19:19:24,940.9544885158539,56.75,25.875,0.9376875000000001,20.0,0.0,,,,,,
2026-07-02 19:19:26,942.7538914680481,56.687000000000005,26.0,0.9375208333333334,20.0,0.0,,,,,,
2026-07-02 19:19:28,944.5737581253052,56.625,25.875,0.9913958333333334,20.0,0.0,,,,,,
2026-07-02 19:19:30,946.3942265510559,56.562000000000005,26.0,0.9379375000000002,20.0,0.0,,,,,,
2026-07-02 19:19:31,948.1892583370209,56.5,25.875,0.9407291666666668,20.0,0.0,,,,,,
2026-07-02 19:19:33,949.9779686927795,56.437000000000005,26.0,0.9910416666666667,20.0,0.0,,,,,,
2026-07-02 19:19:35,951.7705540657043,56.375,26.0,0.9396250000000002,20.0,0.0,,,,,,
2026-07-02 19:19:37,953.5663068294525,56.312000000000005,26.0,0.9394583333333335,20.0,0.0,,,,,,
2026-07-02 19:19:39,955.3858079910278,56.25,26.0,0.9695416666666667,20.0,0.0,,,,,,
2026-07-02 19:19:40,957.1823043823242,56.187000000000005,26.0,0.9394375000000001,20.0,0.0,,,,,,
2026-07-02 19:19:42,959.0017850399017,56.125,26.0,0.9410000000000001,20.0,0.0,,,,,,
2026-07-02 19:19:44,960.7937498092651,56.062000000000005,26.0,0.9875208333333334,20.0,0.0,,,,,,
2026-07-02 19:19:46,962.5862596035004,56.0,26.0,0.9413750000000001,20.0,0.0,,,,,,
2026-07-02 19:19:48,964.3833673000336,55.937,26.0,0.94525,20.0,0.0,,,,,,
2026-07-02 19:19:49,966.2017133235931,55.875,26.0,0.9927083333333334,20.0,0.0,,,,,,
2026-07-02 19:19:51,967.9983093738556,55.812,26.0,0.9436666666666668,20.0,0.0,,,,,,
2026-07-02 19:19:53,969.8204863071442,55.75,26.0,0.9447500000000001,20.0,0.0,,,,,,
2026-07-02 19:19:55,971.6097927093506,55.687,26.0,0.9997500000000001,20.0,0.0,,,,,,
2026-07-02 19:19:57,973.4023640155792,55.625,26.0,0.9433125000000001,20.0,0.0,,,,,,
2026-07-02 19:19:58,975.1938607692719,55.562,26.0,0.9470625000000001,20.0,0.0,,,,,,
2026-07-02 19:20:00,976.9858107566833,55.5,25.875,0.9776041666666668,20.0,0.0,,,,,,
2026-07-02 19:20:02,978.778126001358,55.375,26.0,0.9446666666666668,20.0,0.0,,,,,,
2026-07-02 19:20:04,980.5698971748352,55.375,26.0,0.9458125000000002,20.0,0.0,,,,,,
2026-07-02 19:20:05,982.3616950511932,55.312,26.0,0.9957083333333334,20.0,0.0,,,,,,
2026-07-02 19:20:07,984.1543912887573,55.187,26.0,0.9951875000000001,20.0,0.0,,,,,,
2026-07-02 19:20:09,985.9783670902252,55.125,26.0,0.9448125,20.0,0.0,,,,,,
2026-07-02 19:20:11,987.7697989940643,55.062,25.875,0.9445625000000001,20.0,0.0,,,,,,
2026-07-02 19:20:13,989.5618460178375,55.0,26.0,0.9918541666666667,20.0,0.0,,,,,,
2026-07-02 19:20:14,991.3558595180511,54.937,25.875,0.9972916666666667,20.0,0.0,,,,,,
2026-07-02 19:20:16,993.1503841876984,54.875,26.0,0.9933125000000002,20.0,0.0,,,,,,
2026-07-02 19:20:18,994.9742970466614,54.812,26.0,0.9458958333333335,20.0,0.0,,,,,,
2026-07-02 19:20:20,996.7937572002411,54.75,26.0,0.9487291666666667,20.0,0.0,,,,,,
2026-07-02 19:20:22,998.5857427120209,54.687,26.0,0.9813750000000001,20.0,0.0,,,,,,
2026-07-02 19:20:24,1000.3782861232758,54.687,26.0,0.9470833333333335,20.0,0.0,,,,,,
2026-07-02 19:20:25,1002.1697642803192,54.562,26.0,0.9472083333333335,20.0,0.0,,,,,,
2026-07-02 19:20:27,1003.9618012905121,54.562,26.0,0.9960416666666667,20.0,0.0,,,,,,
2026-07-02 19:20:29,1005.754373550415,54.5,25.875,1.0018541666666667,20.0,0.0,,,,,,
2026-07-02 19:20:31,1007.5535686016083,54.437,26.0,0.9986875000000001,20.0,0.0,,,,,,
2026-07-02 19:20:33,1009.3743464946747,54.437,26.0,0.9983125000000002,20.0,0.0,,,,,,
2026-07-02 19:20:34,1011.1943678855896,54.375,26.0,0.9476666666666669,20.0,0.0,,,,,,
2026-07-02 19:20:36,1012.9858152866364,54.25,26.0,0.9518541666666668,20.0,0.0,,,,,,
2026-07-02 19:20:38,1014.7777473926544,54.187,26.0,0.9731041666666669,20.0,0.0,,,,,,
2026-07-02 19:20:40,1016.5702910423279,54.187,26.0,1.0014375000000002,20.0,0.0,,,,,,
2026-07-02 19:20:42,1018.3717994689941,54.062,26.0,1.0030000000000001,20.0,0.0,,,,,,
2026-07-02 19:20:43,1020.1862473487854,54.0,26.0,0.9948541666666668,20.0,0.0,,,,,,
2026-07-02 19:20:45,1021.9783384799957,53.937,26.0,0.9971250000000002,20.0,0.0,,,,,,
2026-07-02 19:20:47,1023.7743048667908,53.937,26.125,0.9486458333333334,20.0,0.0,,,,,,
2026-07-02 19:20:49,1025.5938503742218,53.812,26.0,0.9508541666666668,20.0,0.0,,,,,,
2026-07-02 19:20:51,1027.385819196701,53.812,26.0,1.0041875000000002,20.0,0.0,,,,,,
2026-07-02 19:20:52,1029.1863896846771,53.687,26.0,0.9964375000000001,20.0,0.0,,,,,,
2026-07-02 19:20:54,1031.0023355484009,53.625,26.0,0.9969166666666668,20.0,0.0,,,,,,
2026-07-02 19:20:56,1032.7943379878998,53.625,26.0,1.005479166666667,20.0,0.0,,,,,,
2026-07-02 19:20:58,1034.624011516571,53.5,26.0,0.9502916666666668,20.0,0.0,,,,,,
2026-07-02 19:21:00,1036.4418065547943,53.437,26.0,0.9511666666666667,20.0,0.0,,,,,,
2026-07-02 19:21:01,1038.2337777614594,53.375,26.0,0.9714166666666667,20.0,0.0,,,,,,
2026-07-02 19:21:03,1040.0316529273987,53.375,26.0,0.9521458333333335,20.0,0.0,,,,,,
2026-07-02 19:21:05,1041.8498282432556,53.312,26.0,0.9533541666666667,20.0,0.0,,,,,,
2026-07-02 19:21:07,1043.6418375968933,53.25,26.125,0.9884791666666668,20.0,0.0,,,,,,
2026-07-02 19:21:09,1045.4444241523743,53.187,26.0,0.9518958333333335,20.0,0.0,,,,,,
2026-07-02 19:21:10,1047.257847070694,53.125,26.125,0.9536666666666668,20.0,0.0,,,,,,
2026-07-02 19:21:12,1049.0497784614563,53.062,26.125,1.0029583333333334,20.0,0.0,,,,,,
2026-07-02 19:21:14,1050.8464796543121,53.062,26.125,0.9557500000000001,20.0,0.0,,,,,,
2026-07-02 19:21:16,1052.665890455246,53.0,26.125,0.9541250000000001,20.0,0.0,,,,,,
2026-07-02 19:21:18,1054.4577944278717,52.937,26.125,1.0113958333333335,20.0,0.0,,,,,,
2026-07-02 19:21:19,1056.2533349990845,52.875,26.125,0.9537500000000001,20.0,0.0,,,,,,
2026-07-02 19:21:21,1058.0418565273285,52.812,26.125,0.9546041666666668,20.0,0.0,,,,,,
2026-07-02 19:21:23,1059.8338568210602,52.812,26.125,0.9822916666666668,20.0,0.0,,,,,,
2026-07-02 19:21:25,1061.6295809745789,52.75,26.125,0.9579791666666667,20.0,0.0,,,,,,
2026-07-02 19:21:27,1063.417805671692,52.687,26.125,0.9555625000000001,20.0,0.0,,,,,,
2026-07-02 19:21:28,1065.2098355293274,52.687,26.125,0.9977708333333334,20.0,0.0,,,,,,
2026-07-02 19:21:30,1067.0048139095306,52.625,26.125,1.0116041666666669,20.0,0.0,,,,,,
2026-07-02 19:21:32,1068.7946565151215,52.562,26.125,4.2685,90.0,1.0,,,,,,
2026-07-02 19:21:34,1070.585901260376,52.5,26.125,4.044541666666667,90.0,1.0,,,,,,
2026-07-02 19:21:36,1072.3789446353912,52.5,26.125,3.9931250000000005,90.0,1.0,,,,,,
2026-07-02 19:21:37,1074.1743352413177,52.437,26.125,3.9046875000000005,90.0,1.0,,,,,,
2026-07-02 19:21:39,1075.994003534317,52.375,26.125,3.868854166666667,90.0,1.0,,,,,,
2026-07-02 19:21:41,1077.7898461818695,52.312,26.125,3.8906875000000003,90.0,1.0,,,,,,
2026-07-02 19:21:43,1079.6103711128235,52.312,26.125,3.864041666666667,90.0,1.0,,,,,,
2026-07-02 19:21:45,1081.402335882187,52.25,26.125,3.7995833333333335,90.0,1.0,,,,,,
2026-07-02 19:21:46,1083.1938393115997,52.125,26.125,3.7762500000000006,90.0,1.0,,,,,,
2026-07-02 19:21:48,1084.9857821464539,52.125,26.125,3.809354166666667,90.0,1.0,,,,,,
2026-07-02 19:21:50,1086.7863247394562,52.0,26.125,3.743208333333334,90.0,1.0,,,,,,
2026-07-02 19:21:52,1088.6111209392548,51.937,26.125,3.7274583333333338,90.0,1.0,,,,,,
2026-07-02 19:21:54,1090.4258043766022,51.875,26.0,3.7621458333333337,90.0,1.0,,,,,,
2026-07-02 19:21:55,1092.2184031009674,51.75,26.125,3.743958333333334,90.0,1.0,,,,,,
2026-07-02 19:21:57,1094.0130560398102,51.687,26.0,3.7322500000000005,90.0,1.0,,,,,,
2026-07-02 19:21:59,1095.8063580989838,51.5,26.125,3.6763958333333338,90.0,1.0,,,,,,
2026-07-02 19:22:01,1097.6258277893066,51.437,26.0,3.668916666666667,90.0,1.0,,,,,,
2026-07-02 19:22:03,1099.4249267578125,51.312,26.125,3.701104166666667,90.0,1.0,,,,,,
2026-07-02 19:22:04,1101.2423913478851,51.187,26.125,3.691541666666667,90.0,1.0,,,,,,
2026-07-02 19:22:06,1103.0343260765076,51.062,26.125,3.6783125000000005,90.0,1.0,,,,,,
2026-07-02 19:22:08,1104.830323457718,50.875,26.125,3.668541666666667,90.0,1.0,,,,,,
2026-07-02 19:22:10,1106.6502935886383,50.75,26.125,3.661041666666667,90.0,1.0,,,,,,
2026-07-02 19:22:12,1108.4423234462738,50.562,26.125,3.6476458333333337,90.0,1.0,,,,,,
2026-07-02 19:22:13,1110.2356226444244,50.375,26.125,3.640666666666667,90.0,1.0,,,,,,
2026-07-02 19:22:15,1112.0303769111633,50.25,26.125,3.588854166666667,90.0,1.0,,,,,,
2026-07-02 19:22:17,1113.8499071598053,50.062,26.125,3.5830625000000005,90.0,1.0,,,,,,
2026-07-02 19:22:19,1115.6480753421783,49.875,26.125,3.622958333333334,90.0,1.0,,,,,,
2026-07-02 19:22:21,1117.466389656067,49.75,26.125,3.5689791666666673,90.0,1.0,,,,,,
2026-07-02 19:22:22,1119.2899780273438,49.562,26.125,3.563104166666667,90.0,1.0,,,,,,
2026-07-02 19:22:24,1121.0851945877075,49.375,26.125,3.5990000000000006,90.0,1.0,,,,,,
2026-07-02 19:22:26,1122.8783185482025,49.187,26.125,3.5516250000000005,90.0,1.0,,,,,,
2026-07-02 19:22:28,1124.6978216171265,49.0,26.125,3.5453125000000005,90.0,1.0,,,,,,
2026-07-02 19:22:30,1126.4934158325195,48.812,26.125,3.5692500000000003,90.0,1.0,,,,,,
2026-07-02 19:22:31,1128.2823810577393,48.625,26.125,3.5334791666666674,90.0,1.0,,,,,,
2026-07-02 19:22:33,1130.0738945007324,48.5,26.25,3.527208333333334,90.0,1.0,,,,,,
2026-07-02 19:22:35,1131.866013288498,48.25,26.125,3.5687916666666673,90.0,1.0,,,,,,
2026-07-02 19:22:37,1133.6902856826782,48.062,26.25,3.5177708333333335,90.0,1.0,,,,,,
2026-07-02 19:22:39,1135.4819946289062,47.937,26.25,3.513645833333334,90.0,1.0,,,,,,
2026-07-02 19:22:40,1137.276365995407,47.687,26.25,3.558666666666667,90.0,1.0,,,,,,
2026-07-02 19:22:42,1139.0703709125519,47.562,26.25,3.546333333333334,90.0,1.0,,,,,,
2026-07-02 19:22:44,1140.8922429084778,47.375,26.25,3.499291666666667,90.0,1.0,,,,,,
2026-07-02 19:22:46,1142.6817512512207,47.187,26.25,3.4963125,90.0,1.0,,,,,,
2026-07-02 19:22:48,1144.4737906455994,47.0,26.25,3.521000000000001,90.0,1.0,,,,,,
2026-07-02 19:22:49,1146.2664206027985,46.875,26.25,3.526770833333334,90.0,1.0,,,,,,
2026-07-02 19:22:51,1148.0586340427399,46.687,26.25,3.525041666666667,90.0,1.0,,,,,,
2026-07-02 19:22:53,1149.8543798923492,46.5,26.375,3.5235833333333337,90.0,1.0,,,,,,
2026-07-02 19:22:55,1151.6744027137756,46.312,26.375,3.5168750000000006,90.0,1.0,,,,,,
2026-07-02 19:22:57,1153.4719684123993,46.187,26.375,3.513729166666667,90.0,1.0,,,,,,
2026-07-02 19:22:58,1155.2905371189117,46.0,26.375,3.470958333333334,90.0,1.0,,,,,,
2026-07-02 19:23:00,1157.0819382667542,45.812,26.375,3.467,90.0,1.0,,,,,,
2026-07-02 19:23:02,1158.8737683296204,45.625,26.5,3.5105000000000004,90.0,1.0,,,,,,
2026-07-02 19:23:04,1160.666494846344,45.5,26.375,3.5057500000000004,90.0,1.0,,,,,,
2026-07-02 19:23:06,1162.4623262882233,45.312,26.5,3.5047500000000005,90.0,1.0,,,,,,
2026-07-02 19:23:07,1164.2857792377472,45.125,26.375,3.4953541666666674,90.0,1.0,,,,,,
2026-07-02 19:23:09,1166.1105852127075,45.0,26.5,3.4527500000000004,90.0,1.0,,,,,,
2026-07-02 19:23:11,1167.9299733638763,44.812,26.5,3.4526250000000003,90.0,1.0,,,,,,
2026-07-02 19:23:13,1169.7219016551971,44.687,26.5,3.4862916666666672,90.0,1.0,,,,,,
2026-07-02 19:23:15,1171.5544221401215,44.562,26.5,3.4485833333333336,90.0,1.0,,,,,,
2026-07-02 19:23:16,1173.369882106781,44.375,26.5,3.449916666666667,90.0,1.0,,,,,,
2026-07-02 19:23:18,1175.1618521213531,44.187,26.5,3.4866875000000004,90.0,1.0,,,,,,
2026-07-02 19:23:20,1176.9543106555939,44.062,26.5,3.4442083333333335,90.0,1.0,,,,,,
2026-07-02 19:23:22,1178.745802640915,43.937,26.625,3.441291666666667,90.0,1.0,,,,,,
2026-07-02 19:23:24,1180.5378744602203,43.75,26.625,3.484208333333334,90.0,1.0,,,,,,
2026-07-02 19:23:25,1182.3304359912872,43.562,26.5,3.43825,90.0,1.0,,,,,,
2026-07-02 19:23:27,1184.121900320053,43.437,26.625,3.4370000000000003,90.0,1.0,,,,,,
2026-07-02 19:23:29,1185.9138522148132,43.25,26.625,3.4643541666666673,90.0,1.0,,,,,,
2026-07-02 19:23:31,1187.706473350525,43.125,26.625,3.4344375,90.0,1.0,,,,,,
2026-07-02 19:23:33,1189.5299232006073,43.0,26.625,3.4327500000000004,90.0,1.0,,,,,,
2026-07-02 19:23:34,1191.324728012085,42.875,26.75,3.4701875,90.0,1.0,,,,,,
2026-07-02 19:23:36,1193.1143035888672,42.687,26.75,3.4298750000000005,90.0,1.0,,,,,,
2026-07-02 19:23:38,1194.905773639679,42.562,26.75,3.4303958333333338,90.0,1.0,,,,,,
2026-07-02 19:23:40,1196.6977770328522,42.437,26.75,3.4719166666666674,90.0,1.0,,,,,,
2026-07-02 19:23:42,1198.4903347492218,42.312,26.75,3.4713541666666674,90.0,1.0,,,,,,
2026-07-02 19:23:43,1200.2906589508057,42.125,26.75,3.469583333333334,90.0,1.0,,,,,,
2026-07-02 19:23:45,1202.1114249229431,42.0,26.875,3.4253333333333336,90.0,1.0,,,,,,
2026-07-02 19:23:47,1203.9298722743988,41.875,26.875,3.4241458333333337,90.0,1.0,,,,,,
2026-07-02 19:23:49,1205.7218780517578,41.75,26.875,3.4651458333333336,90.0,1.0,,,,,,
2026-07-02 19:23:51,1207.546472787857,41.625,26.875,3.424479166666667,90.0,1.0,,,,,,
2026-07-02 19:23:52,1209.3378357887268,41.5,27.0,3.4219375000000003,90.0,1.0,,,,,,
2026-07-02 19:23:54,1211.12979221344,41.312,27.0,3.462312500000001,90.0,1.0,,,,,,
2026-07-02 19:23:56,1212.924245595932,41.25,27.0,3.4220833333333336,90.0,1.0,,,,,,
2026-07-02 19:23:58,1214.7139675617218,41.062,27.0,3.419645833333334,90.0,1.0,,,,,,
2026-07-02 19:24:00,1216.505970954895,40.937,27.125,3.4685000000000006,90.0,1.0,,,,,,
2026-07-02 19:24:01,1218.2985877990723,40.812,27.125,3.459270833333334,90.0,1.0,,,,,,
2026-07-02 19:24:03,1220.0904078483582,40.625,27.125,3.456416666666667,90.0,1.0,,,,,,
2026-07-02 19:24:05,1221.8824038505554,40.5,27.25,3.4599791666666673,90.0,1.0,,,,,,
2026-07-02 19:24:07,1223.678557395935,40.375,27.25,3.4152916666666675,90.0,1.0,,,,,,
2026-07-02 19:24:09,1225.4978532791138,40.25,27.25,3.4174583333333337,90.0,1.0,,,,,,
2026-07-02 19:24:10,1227.2898893356323,40.125,27.375,3.458354166666667,90.0,1.0,,,,,,
2026-07-02 19:24:12,1229.0823512077332,40.0,27.375,3.4148750000000003,90.0,1.0,,,,,,
2026-07-02 19:24:14,1230.8737745285034,39.875,27.375,3.4146875000000003,90.0,1.0,,,,,,
2026-07-02 19:24:16,1232.6658205986023,39.812,27.5,3.4610000000000003,90.0,1.0,,,,,,
2026-07-02 19:24:18,1234.4642107486725,39.687,27.5,3.4133958333333334,90.0,1.0,,,,,,
2026-07-02 19:24:19,1236.2820363044739,39.562,27.625,3.4138958333333336,90.0,1.0,,,,,,
2026-07-02 19:24:21,1238.0739092826843,39.437,27.625,3.4568958333333337,90.0,1.0,,,,,,
2026-07-02 19:24:23,1239.8704242706299,39.375,27.625,3.412458333333334,90.0,1.0,,,,,,
2026-07-02 19:24:25,1241.6900346279144,39.25,27.625,3.412604166666667,90.0,1.0,,,,,,
2026-07-02 19:24:27,1243.481905221939,39.125,27.625,3.4523958333333336,90.0,1.0,,,,,,
2026-07-02 19:24:28,1245.2744195461273,39.0,27.75,3.4149375000000006,90.0,1.0,,,,,,
2026-07-02 19:24:30,1247.0658149719238,38.875,27.75,3.4108125000000005,90.0,1.0,,,,,,
2026-07-02 19:24:32,1248.8618252277374,38.812,27.75,3.455395833333334,90.0,1.0,,,,,,
2026-07-02 19:24:34,1250.6888535022736,38.687,27.75,3.4538333333333338,90.0,1.0,,,,,,
2026-07-02 19:24:36,1252.5063500404358,38.562,27.875,3.448604166666667,90.0,1.0,,,,,,
2026-07-02 19:24:37,1254.2984268665314,38.5,27.875,3.4474166666666672,90.0,1.0,,,,,,
2026-07-02 19:24:39,1256.0944044589996,38.375,27.875,3.4476458333333335,90.0,1.0,,,,,,
2026-07-02 19:24:41,1257.9144322872162,38.25,27.875,3.4450833333333337,90.0,1.0,,,,,,
2026-07-02 19:24:43,1259.7131667137146,38.187,27.875,3.714083333333334,100.0,1.0,,,,,,
2026-07-02 19:24:45,1261.5438933372498,38.062,28.0,3.6885000000000003,100.0,1.0,,,,,,
2026-07-02 19:24:46,1263.353835105896,37.937,28.125,3.680333333333334,100.0,1.0,,,,,,
2026-07-02 19:24:48,1265.145795583725,37.875,28.125,3.678229166666667,100.0,1.0,,,,,,
2026-07-02 19:24:50,1266.9384083747864,37.75,28.125,3.671479166666667,100.0,1.0,,,,,,
2026-07-02 19:24:52,1268.7298583984375,37.625,28.25,3.6695,100.0,1.0,,,,,,
2026-07-02 19:24:54,1270.5218546390533,37.562,28.125,3.671291666666667,100.0,1.0,,,,,,
2026-07-02 19:24:55,1272.3185267448425,37.437,28.25,3.669041666666667,100.0,1.0,,,,,,
2026-07-02 19:24:57,1274.1424036026,37.375,28.375,3.6626875000000005,100.0,1.0,,,,,,
2026-07-02 19:24:59,1275.961879491806,37.25,28.25,3.6611875000000005,100.0,1.0,,,,,,
2026-07-02 19:25:01,1277.7578439712524,37.125,28.25,3.661166666666667,100.0,1.0,,,,,,
2026-07-02 19:25:03,1279.578406572342,37.062,28.375,3.6596875000000004,100.0,1.0,,,,,,
2026-07-02 19:25:04,1281.3698091506958,36.937,28.375,3.658041666666667,100.0,1.0,,,,,,
2026-07-02 19:25:06,1283.1675553321838,36.875,28.375,3.6605833333333337,100.0,1.0,,,,,,
2026-07-02 19:25:08,1284.9864082336426,36.75,28.375,3.654479166666667,100.0,1.0,,,,,,
2026-07-02 19:25:10,1286.78182721138,36.687,28.5,3.653812500000001,100.0,1.0,,,,,,
2026-07-02 19:25:12,1288.6019494533539,36.562,28.375,3.6580625,100.0,1.0,,,,,,
2026-07-02 19:25:14,1290.398422718048,36.5,28.5,3.651604166666667,100.0,1.0,,,,,,
2026-07-02 19:25:15,1292.2178421020508,36.375,28.375,3.6500208333333335,100.0,1.0,,,,,,
2026-07-02 19:25:17,1294.0099120140076,36.25,28.5,3.654583333333334,100.0,1.0,,,,,,
2026-07-02 19:25:19,1295.8023898601532,36.187,28.5,3.6489375000000006,100.0,1.0,,,,,,
2026-07-02 19:25:21,1297.5938844680786,36.062,28.5,3.6482291666666673,100.0,1.0,,,,,,
2026-07-02 19:25:23,1299.3913340568542,36.0,28.5,3.652979166666667,100.0,1.0,,,,,,
2026-07-02 19:25:24,1301.210357427597,35.875,28.5,3.650145833333334,100.0,1.0,,,,,,
2026-07-02 19:25:26,1303.0064268112183,35.75,28.5,3.6438750000000004,100.0,1.0,,,,,,
2026-07-02 19:25:28,1304.825890302658,35.687,28.375,3.6463125000000005,100.0,1.0,,,,,,
2026-07-02 19:25:30,1306.6179163455963,35.625,28.5,3.648645833333334,100.0,1.0,,,,,,
2026-07-02 19:25:32,1308.4104290008545,35.5,28.375,3.644666666666667,100.0,1.0,,,,,,
2026-07-02 19:25:33,1310.205232143402,35.437,28.375,3.6430625000000005,100.0,1.0,,,,,,
2026-07-02 19:25:35,1311.9938554763794,35.312,28.375,3.645104166666667,100.0,1.0,,,,,,
2026-07-02 19:25:37,1313.7905912399292,35.25,28.375,3.641020833333334,100.0,1.0,,,,,,
2026-07-02 19:25:39,1315.6098456382751,35.125,28.5,3.6402708333333336,100.0,1.0,,,,,,
2026-07-02 19:25:41,1317.4018259048462,35.062,28.375,3.6461250000000005,100.0,1.0,,,,,,
2026-07-02 19:25:42,1319.1943383216858,34.937,28.375,3.6390416666666674,100.0,1.0,,,,,,
2026-07-02 19:25:44,1320.989934206009,34.875,28.375,3.639583333333334,100.0,1.0,,,,,,
2026-07-02 19:25:46,1322.8098647594452,34.75,28.375,3.644229166666667,100.0,1.0,,,,,,
2026-07-02 19:25:48,1324.6024813652039,34.687,28.375,3.6386875000000005,100.0,1.0,,,,,,
2026-07-02 19:25:50,1326.393946647644,34.625,28.375,3.6378958333333338,100.0,1.0,,,,,,
2026-07-02 19:25:51,1328.1859002113342,34.5,28.375,3.6399166666666667,100.0,1.0,,,,,,
2026-07-02 19:25:53,1329.9784393310547,34.437,28.375,3.636854166666667,100.0,1.0,,,,,,
2026-07-02 19:25:55,1331.7698113918304,34.312,28.25,3.6365833333333337,100.0,1.0,,,,,,
2026-07-02 19:25:57,1333.561815738678,34.25,28.375,3.6409583333333337,100.0,1.0,,,,,,
2026-07-02 19:25:58,1335.3544039726257,34.187,28.375,3.637770833333334,100.0,1.0,,,,,,
2026-07-02 19:26:00,1337.148555278778,34.062,28.375,3.634791666666667,100.0,1.0,,,,,,
2026-07-02 19:26:02,1338.9378492832184,33.937,28.375,3.6428750000000005,100.0,1.0,,,,,,
2026-07-02 19:26:04,1340.7344512939453,33.875,28.375,3.6403958333333337,100.0,1.0,,,,,,
2026-07-02 19:26:06,1342.5631158351898,33.75,28.375,3.637166666666667,100.0,1.0,,,,,,
2026-07-02 19:26:08,1344.3778612613678,33.687,28.25,3.6368125000000004,100.0,1.0,,,,,,
2026-07-02 19:26:09,1346.1698970794678,33.625,28.375,3.638854166666667,100.0,1.0,,,,,,
2026-07-02 19:26:11,1347.966760635376,33.5,28.375,3.6355625000000003,100.0,1.0,,,,,,
2026-07-02 19:26:13,1349.7898020744324,33.437,28.375,3.6357083333333335,100.0,1.0,,,,,,
2026-07-02 19:26:15,1351.6098330020905,33.312,28.375,3.6411666666666673,100.0,1.0,,,,,,
2026-07-02 19:26:17,1353.407996892929,33.25,28.5,3.6369375000000006,100.0,1.0,,,,,,
2026-07-02 19:26:18,1355.2258381843567,33.187,28.375,3.635916666666667,100.0,1.0,,,,,,
2026-07-02 19:26:20,1357.0178565979004,33.125,28.5,3.6421875000000004,100.0,1.0,,,,,,
2026-07-02 19:26:22,1358.810477733612,33.0,28.5,3.6364583333333336,100.0,1.0,,,,,,
2026-07-02 19:26:24,1360.6019093990326,32.937,28.625,3.6365833333333337,100.0,1.0,,,,,,
2026-07-02 19:26:26,1362.3939034938812,32.875,28.625,3.6399791666666674,100.0,1.0,,,,,,
2026-07-02 19:26:27,1364.191895723343,32.75,28.625,3.633854166666667,100.0,1.0,,,,,,
2026-07-02 19:26:29,1366.0098979473114,32.687,28.625,3.6333333333333337,100.0,1.0,,,,,,
2026-07-02 19:26:31,1367.8018367290497,32.625,28.75,3.639333333333334,100.0,1.0,,,,,,
2026-07-02 19:26:33,1369.5946877002716,32.562,28.75,3.636041666666667,100.0,1.0,,,,,,
2026-07-02 19:26:35,1371.3858518600464,32.5,28.875,3.6361041666666667,100.0,1.0,,,,,,
2026-07-02 19:26:36,1373.1778512001038,32.375,28.75,3.638458333333334,100.0,1.0,,,,,,
2026-07-02 19:26:38,1374.9704763889313,32.312,28.75,3.635916666666667,100.0,1.0,,,,,,
2026-07-02 19:26:40,1376.7939016819,32.25,28.875,3.6354375000000005,100.0,1.0,,,,,,
2026-07-02 19:26:42,1378.585880279541,32.187,28.875,3.6413958333333336,100.0,1.0,,,,,,
2026-07-02 19:26:44,1380.3845932483673,32.062,28.875,3.635145833333334,100.0,1.0,,,,,,
2026-07-02 19:26:45,1382.2020540237427,32.0,28.875,3.6348333333333334,100.0,1.0,,,,,,
2026-07-02 19:26:47,1383.993895292282,31.937,28.875,3.6400625000000004,100.0,1.0,,,,,,
2026-07-02 19:26:49,1385.7863347530365,31.812,28.875,3.6320416666666673,100.0,1.0,,,,,,
2026-07-02 19:26:51,1387.5780849456787,31.75,28.75,2.6805000000000003,50.0,0.0,,,,,,
2026-07-02 19:26:52,1389.3701622486115,31.687,28.75,2.525666666666667,50.0,0.0,,,,,,
2026-07-02 19:26:54,1391.1656551361084,31.625,28.875,2.413041666666667,50.0,0.0,,,,,,
2026-07-02 19:26:56,1392.9539301395416,31.5,28.75,2.3704583333333336,50.0,0.0,,,,,,
2026-07-02 19:26:58,1394.7458593845367,31.5,28.875,2.3966875000000005,50.0,0.0,,,,,,
2026-07-02 19:27:00,1396.5466611385345,31.375,28.875,2.37725,50.0,0.0,,,,,,
2026-07-02 19:27:02,1398.3626623153687,31.312,28.875,2.3625000000000003,50.0,0.0,,,,,,
2026-07-02 19:27:03,1400.1863791942596,31.25,28.875,2.3045625000000003,50.0,0.0,,,,,,
2026-07-02 19:27:05,1401.978003501892,31.187,28.75,2.295083333333334,50.0,0.0,,,,,,
2026-07-02 19:27:07,1403.7698392868042,31.187,28.75,2.3386666666666667,50.0,0.0,,,,,,
2026-07-02 19:27:09,1405.5623574256897,31.187,28.75,2.3339583333333334,50.0,0.0,,,,,,
2026-07-02 19:27:11,1407.3625032901764,31.187,28.75,2.3302083333333337,50.0,0.0,,,,,,
2026-07-02 19:27:12,1409.178474664688,31.187,28.75,2.325583333333334,50.0,0.0,,,,,,
2026-07-02 19:27:14,1410.9706473350525,31.187,28.875,2.2708125,50.0,0.0,,,,,,
2026-07-02 19:27:16,1412.762066602707,31.25,28.75,2.2665,50.0,0.0,,,,,,
2026-07-02 19:27:18,1414.5539355278015,31.312,28.875,2.3145208333333334,50.0,0.0,,,,,,
2026-07-02 19:27:19,1416.346607208252,31.375,28.875,2.2600208333333334,50.0,0.0,,,,,,
2026-07-02 19:27:21,1418.1404869556427,31.437,28.875,2.256416666666667,50.0,0.0,,,,,,
2026-07-02 19:27:23,1419.9298648834229,31.562,28.875,2.3042500000000006,50.0,0.0,,,,,,
2026-07-02 19:27:25,1421.7245576381683,31.625,28.875,2.2513333333333336,50.0,0.0,,,,,,
2026-07-02 19:27:27,1423.5485064983368,31.812,28.875,2.2494791666666667,50.0,0.0,,,,,,
2026-07-02 19:27:28,1425.3380589485168,31.937,28.875,2.2897291666666666,50.0,0.0,,,,,,
2026-07-02 19:27:30,1427.1666374206543,32.062,29.0,2.2430000000000003,50.0,0.0,,,,,,
2026-07-02 19:27:32,1428.9860739707947,32.25,29.0,2.2437083333333336,50.0,0.0,,,,,,
2026-07-02 19:27:34,1430.7780191898346,32.437,28.875,2.293375,50.0,0.0,,,,,,
2026-07-02 19:27:36,1432.5704550743103,32.562,28.875,2.237375,50.0,0.0,,,,,,
2026-07-02 19:27:37,1434.3646321296692,32.75,28.875,2.2353125,50.0,0.0,,,,,,
2026-07-02 19:27:39,1436.1539056301117,32.937,28.875,2.2862708333333335,50.0,0.0,,,,,,
2026-07-02 19:27:41,1437.9503858089447,33.125,28.875,2.2291458333333334,50.0,0.0,,,,,,
2026-07-02 19:27:43,1439.7738404273987,33.312,28.875,2.22825,50.0,0.0,,,,,,
2026-07-02 19:27:45,1441.5938758850098,33.5,28.875,2.2780208333333336,50.0,0.0,,,,,,
2026-07-02 19:27:47,1443.3904733657837,33.687,28.75,2.2747916666666668,50.0,0.0,,,,,,
2026-07-02 19:27:48,1445.210522890091,33.875,28.75,2.272208333333334,50.0,0.0,,,,,,
2026-07-02 19:27:50,1447.0026831626892,34.125,28.75,2.2667708333333336,50.0,0.0,,,,,,
2026-07-02 19:27:52,1448.8264837265015,34.312,28.875,2.2636041666666666,50.0,0.0,,,,,,
2026-07-02 19:27:54,1450.6240179538727,34.562,28.75,2.264666666666667,50.0,0.0,,,,,,
2026-07-02 19:27:56,1452.4464733600616,34.75,28.875,2.21625,50.0,0.0,,,,,,
2026-07-02 19:27:57,1454.2658183574677,34.937,28.875,2.210104166666667,50.0,0.0,,,,,,
2026-07-02 19:27:59,1456.0641102790833,35.187,28.75,2.2437291666666668,50.0,0.0,,,,,,
2026-07-02 19:28:01,1457.88241314888,35.375,28.875,2.209083333333334,50.0,0.0,,,,,,
2026-07-02 19:28:03,1459.6738522052765,35.625,28.875,2.206854166666667,50.0,0.0,,,,,,
2026-07-02 19:28:05,1461.4693059921265,35.812,28.875,2.2536250000000004,50.0,0.0,,,,,,
2026-07-02 19:28:06,1463.2660567760468,36.062,28.875,2.2032916666666673,50.0,0.0,,,,,,
2026-07-02 19:28:08,1465.081928730011,36.25,28.75,2.2026041666666667,50.0,0.0,,,,,,
2026-07-02 19:28:10,1466.8779191970825,36.437,28.75,2.251479166666667,50.0,0.0,,,,,,
2026-07-02 19:28:12,1468.7025167942047,36.687,28.75,2.198041666666667,50.0,0.0,,,,,,
2026-07-02 19:28:14,1470.5219147205353,36.875,28.75,2.1981875000000004,50.0,0.0,,,,,,
2026-07-02 19:28:15,1472.3171994686127,37.062,28.75,2.247416666666667,50.0,0.0,,,,,,
2026-07-02 19:28:17,1474.1104018688202,37.312,28.75,2.2388125000000003,50.0,0.0,,,,,,
2026-07-02 19:28:19,1475.9344074726105,37.5,28.75,2.2390625,50.0,0.0,,,,,,
2026-07-02 19:28:21,1477.7584283351898,37.687,28.75,2.238541666666667,50.0,0.0,,,,,,
2026-07-02 19:28:23,1479.5825099945068,37.875,28.625,2.187395833333334,50.0,0.0,,,,,,
2026-07-02 19:28:25,1481.401920557022,38.125,28.625,2.186854166666667,50.0,0.0,,,,,,
2026-07-02 19:28:26,1483.1939742565155,38.312,28.625,2.2367083333333335,50.0,0.0,,,,,,
2026-07-02 19:28:28,1484.9894495010376,38.5,28.625,2.185354166666667,50.0,0.0,,,,,,
2026-07-02 19:28:30,1486.777914762497,38.687,28.5,2.1813958333333336,50.0,0.0,,,,,,
2026-07-02 19:28:32,1488.569943189621,38.875,28.625,2.2151250000000005,50.0,0.0,,,,,,
2026-07-02 19:28:33,1490.3624002933502,39.062,28.5,2.2283125000000004,50.0,0.0,,,,,,
2026-07-02 19:28:35,1492.1544027328491,39.25,28.5,2.2212708333333335,50.0,0.0,,,,,,
2026-07-02 19:28:37,1493.94655752182,39.437,28.5,2.2218958333333334,50.0,0.0,,,,,,
2026-07-02 19:28:39,1495.742460489273,39.625,28.5,2.1740625000000002,50.0,0.0,,,,,,
2026-07-02 19:28:41,1497.5620551109314,39.812,28.5,2.1707708333333335,50.0,0.0,,,,,,
2026-07-02 19:28:42,1499.3550434112549,40.062,28.375,2.2195000000000005,50.0,0.0,,,,,,
2026-07-02 19:28:44,1501.1464970111847,40.25,28.25,2.167854166666667,50.0,0.0,,,,,,
2026-07-02 19:28:46,1502.9379296302795,40.375,28.25,2.1670625000000006,50.0,0.0,,,,,,
2026-07-02 19:28:48,1504.7301406860352,40.562,28.25,2.2080208333333338,50.0,0.0,,,,,,
2026-07-02 19:28:50,1506.5225002765656,40.75,28.25,2.163625,50.0,0.0,,,,,,
2026-07-02 19:28:51,1508.3138675689697,40.937,28.25,2.1636875,50.0,0.0,,,,,,
2026-07-02 19:28:53,1510.1059064865112,41.125,28.25,2.211229166666667,50.0,0.0,,,,,,
2026-07-02 19:28:55,1511.8984134197235,41.25,28.125,2.1633333333333336,50.0,0.0,,,,,,
2026-07-02 19:28:57,1513.6898725032806,41.437,28.125,2.162479166666667,50.0,0.0,,,,,,
2026-07-02 19:28:59,1515.4836778640747,41.625,28.125,2.1780000000000004,50.0,0.0,,,,,,
2026-07-02 19:29:00,1517.2744963169098,41.75,28.125,2.203875,50.0,0.0,,,,,,
2026-07-02 19:29:02,1519.0665106773376,41.937,28.125,2.155958333333334,50.0,0.0,,,,,,
2026-07-02 19:29:04,1520.857896566391,42.062,28.125,2.155958333333334,50.0,0.0,,,,,,
2026-07-02 19:29:06,1522.6499359607697,42.25,28.0,2.2051250000000007,50.0,0.0,,,,,,
2026-07-02 19:29:08,1524.446557044983,42.437,28.0,2.1526458333333336,50.0,0.0,,,,,,
2026-07-02 19:29:09,1526.2684903144836,42.562,28.0,2.150041666666667,50.0,0.0,,,,,,
2026-07-02 19:29:11,1528.0578446388245,42.75,28.0,2.200729166666667,50.0,0.0,,,,,,
2026-07-02 19:29:13,1529.8504559993744,42.937,27.875,2.148479166666667,50.0,0.0,,,,,,
2026-07-02 19:29:15,1531.6446328163147,43.062,27.875,2.1503333333333337,50.0,0.0,,,,,,
2026-07-02 19:29:17,1533.4339730739594,43.187,27.875,2.1845208333333335,50.0,0.0,,,,,,
2026-07-02 19:29:18,1535.2285039424896,43.375,27.75,2.144354166666667,50.0,0.0,,,,,,
2026-07-02 19:29:20,1537.0206677913666,43.562,27.875,2.1439375000000003,50.0,0.0,,,,,,
2026-07-02 19:29:22,1538.8139464855194,43.625,27.875,2.193729166666667,50.0,0.0,,,,,,
2026-07-02 19:29:24,1540.634577512741,43.812,27.75,2.14,50.0,0.0,,,,,,
2026-07-02 19:29:26,1542.4293494224548,43.937,27.75,2.1409583333333333,50.0,0.0,,,,,,
2026-07-02 19:29:27,1544.2178506851196,44.062,27.625,2.192041666666667,50.0,0.0,,,,,,
2026-07-02 19:29:29,1546.0144300460815,44.187,27.625,2.1371250000000006,50.0,0.0,,,,,,
2026-07-02 19:29:31,1547.8338289260864,44.375,27.75,2.1352708333333337,50.0,0.0,,,,,,
2026-07-02 19:29:33,1549.629840373993,44.5,27.625,2.1865625,50.0,0.0,,,,,,
2026-07-02 19:29:35,1551.4507565498352,44.625,27.625,2.1344375,50.0,0.0,,,,,,
2026-07-02 19:29:36,1553.2456269264221,44.812,27.625,2.1336458333333335,50.0,0.0,,,,,,
2026-07-02 19:29:38,1555.0340974330902,44.937,27.625,2.1720000000000006,50.0,0.0,,,,,,
2026-07-02 19:29:40,1556.82701253891,45.062,27.625,2.132416666666667,50.0,0.0,,,,,,
2026-07-02 19:29:42,1558.6212525367737,45.187,27.625,2.130708333333333,50.0,0.0,,,,,,
2026-07-02 19:29:44,1560.409924030304,45.312,27.625,2.1743750000000004,50.0,0.0,,,,,,
2026-07-02 19:29:45,1562.2104840278625,45.437,27.625,2.178875,50.0,0.0,,,,,,
2026-07-02 19:29:47,1564.034004688263,45.562,27.625,2.1270833333333337,50.0,0.0,,,,,,
2026-07-02 19:29:49,1565.8498554229736,45.687,27.625,2.1259583333333336,50.0,0.0,,,,,,
2026-07-02 19:29:51,1567.6418499946594,45.812,27.5,2.1762708333333336,50.0,0.0,,,,,,
2026-07-02 19:29:53,1569.4428906440735,45.937,27.5,2.1250833333333334,50.0,0.0,,,,,,
2026-07-02 19:29:54,1571.2579095363617,46.062,27.5,2.1204583333333336,50.0,0.0,,,,,,
2026-07-02 19:29:56,1573.0499119758606,46.187,27.5,2.1565833333333337,50.0,0.0,,,,,,
2026-07-02 19:29:58,1574.8486304283142,46.25,27.5,2.121479166666667,50.0,0.0,,,,,,
2026-07-02 19:30:00,1576.6660850048065,46.375,27.5,2.119395833333334,50.0,0.0,,,,,,
2026-07-02 19:30:02,1578.4581243991852,46.5,27.375,2.163395833333334,50.0,0.0,,,,,,
2026-07-02 19:30:03,1580.2523653507233,46.562,27.375,2.1208541666666667,50.0,0.0,,,,,,
2026-07-02 19:30:05,1582.041853427887,46.687,27.375,2.1180208333333335,50.0,0.0,,,,,,
2026-07-02 19:30:07,1583.8338797092438,46.812,27.375,2.1679583333333334,50.0,0.0,,,,,,
2026-07-02 19:30:09,1585.6264667510986,46.937,27.375,2.118,50.0,0.0,,,,,,
2026-07-02 19:30:11,1587.4179389476776,47.062,27.375,2.1129375,50.0,0.0,,,,,,
2026-07-02 19:30:12,1589.2099394798279,47.187,27.375,2.1316875000000004,50.0,0.0,,,,,,
2026-07-02 19:30:14,1591.0408430099487,47.312,27.375,2.111354166666667,50.0,0.0,,,,,,
2026-07-02 19:30:16,1592.8579726219177,47.437,27.25,2.110979166666667,50.0,0.0,,,,,,
2026-07-02 19:30:18,1594.6499223709106,47.5,27.25,2.1199791666666665,50.0,0.0,,,,,,
2026-07-02 19:30:20,1596.4425427913666,47.625,27.25,2.1111458333333335,50.0,0.0,,,,,,
2026-07-02 19:30:21,1598.2339026927948,47.75,27.25,2.1066250000000006,50.0,0.0,,,,,,
2026-07-02 19:30:23,1600.025927066803,47.812,27.25,2.157104166666667,50.0,0.0,,,,,,
2026-07-02 19:30:25,1601.8504593372345,47.937,27.25,2.107,50.0,0.0,,,,,,
2026-07-02 19:30:27,1603.6418840885162,48.062,27.125,2.1067291666666668,50.0,0.0,,,,,,
2026-07-02 19:30:29,1605.4339535236359,48.125,27.25,2.1555208333333336,50.0,0.0,,,,,,
2026-07-02 19:30:30,1607.2305223941803,48.25,27.125,2.1511458333333335,50.0,0.0,,,,,,
2026-07-02 19:30:32,1609.0545279979706,48.375,27.125,2.1014791666666666,50.0,0.0,,,,,,
2026-07-02 19:30:34,1610.8739132881165,48.437,27.125,2.1020625,50.0,0.0,,,,,,
2026-07-02 19:30:36,1612.66597032547,48.562,27.125,2.133479166666667,50.0,0.0,,,,,,
2026-07-02 19:30:38,1614.4585633277893,48.625,27.125,2.1005000000000003,50.0,0.0,,,,,,
2026-07-02 19:30:39,1616.2501924037933,48.75,27.0,2.4697916666666666,60.0,0.0,,,,,,
2026-07-02 19:30:41,1618.0419776439667,48.875,27.0,2.4912500000000004,60.0,0.0,,,,,,
2026-07-02 19:30:43,1619.8345429897308,48.937,27.0,2.4855625000000003,60.0,0.0,,,,,,
2026-07-02 19:30:45,1621.6267437934875,49.062,27.0,2.4730625,60.0,0.0,,,,,,
2026-07-02 19:30:47,1623.41854429245,49.125,27.0,2.4252916666666673,60.0,0.0,,,,,,
2026-07-02 19:30:48,1625.2100749015808,49.187,26.875,2.4209375,60.0,0.0,,,,,,
2026-07-02 19:30:50,1627.0018947124481,49.312,26.875,2.4565208333333333,60.0,0.0,,,,,,
2026-07-02 19:30:52,1628.7944498062134,49.375,26.875,2.4173333333333336,60.0,0.0,,,,,,
2026-07-02 19:30:54,1630.586025238037,49.5,26.875,2.418166666666667,60.0,0.0,,,,,,
2026-07-02 19:30:56,1632.3779797554016,49.625,26.875,2.4579583333333335,60.0,0.0,,,,,,
2026-07-02 19:30:57,1634.170557975769,49.687,26.875,2.4106458333333336,60.0,0.0,,,,,,
2026-07-02 19:30:59,1635.9619719982147,49.812,26.875,2.4098333333333337,60.0,0.0,,,,,,
2026-07-02 19:31:01,1637.7541272640228,49.937,26.75,2.4520208333333335,60.0,0.0,,,,,,
2026-07-02 19:31:03,1639.5533547401428,50.062,26.75,2.4491875000000003,60.0,0.0,,,,,,
2026-07-02 19:31:04,1641.370683670044,50.125,26.75,2.4170833333333337,60.0,0.0,,,,,,
2026-07-02 19:31:06,1643.1619610786438,50.25,26.75,2.4013333333333335,60.0,0.0,,,,,,
2026-07-02 19:31:08,1644.9541103839874,50.375,26.75,2.4319375000000005,60.0,0.0,,,,,,
2026-07-02 19:31:10,1646.7466661930084,50.437,26.75,2.444166666666667,60.0,0.0,,,,,,
2026-07-02 19:31:12,1648.5410220623016,50.562,26.75,2.444541666666667,60.0,0.0,,,,,,
2026-07-02 19:31:13,1650.3624606132507,50.625,26.75,2.4401458333333337,60.0,0.0,,,,,,
2026-07-02 19:31:15,1652.1585280895233,50.75,26.75,2.392916666666667,60.0,0.0,,,,,,
2026-07-02 19:31:17,1653.9780039787292,50.812,26.75,2.394708333333334,60.0,0.0,,,,,,
2026-07-02 19:31:19,1655.7699716091156,50.937,26.75,2.4381250000000003,60.0,0.0,,,,,,
2026-07-02 19:31:21,1657.566554069519,51.062,26.75,2.4386458333333336,60.0,0.0,,,,,,
2026-07-02 19:31:23,1659.389188528061,51.125,26.625,2.4332708333333337,60.0,0.0,,,,,,
2026-07-02 19:31:24,1661.1785309314728,51.25,26.75,2.389145833333334,60.0,0.0,,,,,,
2026-07-02 19:31:26,1662.973884344101,51.312,26.75,2.3878958333333333,60.0,0.0,,,,,,
2026-07-02 19:31:28,1664.793895483017,51.5,26.625,2.434604166666667,60.0,0.0,,,,,,
2026-07-02 19:31:30,1666.6184520721436,51.562,26.75,2.3848125000000002,60.0,0.0,,,,,,
2026-07-02 19:31:32,1668.4098899364471,51.687,26.625,2.38425,60.0,0.0,,,,,,
2026-07-02 19:31:33,1670.2019670009613,51.812,26.625,2.417479166666667,60.0,0.0,,,,,,
2026-07-02 19:31:35,1671.9946048259735,51.875,26.625,2.4260208333333333,60.0,0.0,,,,,,
2026-07-02 19:31:37,1673.786649465561,52.0,26.625,2.3818125,60.0,0.0,,,,,,
2026-07-02 19:31:39,1675.6133649349213,52.125,26.625,2.3807083333333336,60.0,0.0,,,,,,
2026-07-02 19:31:41,1677.4019951820374,52.25,26.5,2.4248750000000006,60.0,0.0,,,,,,
2026-07-02 19:31:42,1679.1986045837402,52.312,26.5,2.4218125,60.0,0.0,,,,,,
2026-07-02 19:31:44,1681.0229296684265,52.5,26.625,2.4188333333333336,60.0,0.0,,,,,,
2026-07-02 19:31:46,1682.8464431762695,52.562,26.625,2.374791666666667,60.0,0.0,,,,,,
2026-07-02 19:31:48,1684.6658627986908,52.687,26.5,2.373166666666667,60.0,0.0,,,,,,
2026-07-02 19:31:50,1686.4636178016663,52.812,26.625,2.4181041666666667,60.0,0.0,,,,,,
2026-07-02 19:31:51,1688.2865233421326,52.937,26.625,2.371479166666667,60.0,0.0,,,,,,
2026-07-02 19:31:53,1690.1059350967407,53.062,26.625,2.369875,60.0,0.0,,,,,,
2026-07-02 19:31:55,1691.897958278656,53.125,26.5,2.4164375000000002,60.0,0.0,,,,,,
2026-07-02 19:31:57,1693.7226638793945,53.25,26.5,2.4128958333333337,60.0,0.0,,,,,,
2026-07-02 19:31:59,1695.5145633220673,53.312,26.5,2.3656875000000004,60.0,0.0,,,,,,
2026-07-02 19:32:00,1697.311541557312,53.437,26.5,2.363875,60.0,0.0,,,,,,
2026-07-02 19:32:02,1699.1299350261688,53.5,26.5,2.4116250000000004,60.0,0.0,,,,,,
2026-07-02 19:32:04,1700.922489643097,53.625,26.5,2.4058750000000004,60.0,0.0,,,,,,
2026-07-02 19:32:06,1702.7149744033813,53.75,26.5,2.3615208333333335,60.0,0.0,,,,,,
2026-07-02 19:32:08,1704.505880355835,53.812,26.5,2.3621041666666667,60.0,0.0,,,,,,
2026-07-02 19:32:09,1706.2979593276978,53.937,26.5,2.4114166666666668,60.0,0.0,,,,,,
2026-07-02 19:32:11,1708.0929942131042,54.062,26.5,2.358333333333334,60.0,0.0,,,,,,
2026-07-02 19:32:13,1709.8819324970245,54.125,26.5,2.3594583333333334,60.0,0.0,,,,,,
2026-07-02 19:32:15,1711.6739268302917,54.25,26.5,2.385625,60.0,0.0,,,,,,
2026-07-02 19:32:17,1713.469617843628,54.312,26.375,2.357104166666667,60.0,0.0,,,,,,
2026-07-02 19:32:18,1715.2579329013824,54.437,26.375,2.3565625000000003,60.0,0.0,,,,,,
2026-07-02 19:32:20,1717.0499033927917,54.5,26.375,2.3965208333333337,60.0,0.0,,,,,,
2026-07-02 19:32:22,1718.845327615738,54.625,26.375,2.401145833333334,60.0,0.0,,,,,,
2026-07-02 19:32:24,1720.6426723003387,54.75,26.375,2.3942083333333337,60.0,0.0,,,,,,
2026-07-02 19:32:26,1722.458676815033,54.875,26.375,2.3927291666666672,60.0,0.0,,,,,,
2026-07-02 19:32:27,1724.253805398941,54.937,26.375,2.3946875000000003,60.0,0.0,,,,,,
2026-07-02 19:32:29,1726.0785918235779,55.062,26.375,2.3877083333333338,60.0,0.0,,,,,,
2026-07-02 19:32:31,1727.8985724449158,55.125,26.375,2.3459583333333334,60.0,0.0,,,,,,
2026-07-02 19:32:33,1729.6945719718933,55.25,26.375,0.4501875,10.0,0.0,,,,,,
2026-07-02 19:32:35,1731.5139651298523,55.312,26.375,0.5180833333333333,10.0,0.0,,,,,,
2026-07-02 19:32:36,1733.3104648590088,55.375,26.375,0.4773333333333334,10.0,0.0,,,,,,
2026-07-02 19:32:38,1735.1334710121155,55.5,26.375,0.48418750000000005,10.0,0.0,,,,,,
2026-07-02 19:32:40,1736.9259707927704,55.625,26.375,0.5167708333333334,10.0,0.0,,,,,,
2026-07-02 19:32:42,1738.7465991973877,55.75,26.375,0.48870833333333336,10.0,0.0,,,,,,
2026-07-02 19:32:44,1740.5464770793915,55.812,26.25,0.48968750000000005,10.0,0.0,,,,,,
2026-07-02 19:32:45,1742.3619575500488,55.937,26.25,0.5393541666666667,10.0,0.0,,,,,,
2026-07-02 19:32:47,1744.1585536003113,56.0,26.25,0.5426041666666667,10.0,0.0,,,,,,
2026-07-02 19:32:49,1745.9785013198853,56.062000000000005,26.25,0.5471458333333334,10.0,0.0,,,,,,
2026-07-02 19:32:51,1747.7707977294922,56.125,26.25,0.4972291666666667,10.0,0.0,,,,,,
2026-07-02 19:32:53,1749.5619223117828,56.187000000000005,26.25,0.49439583333333337,10.0,0.0,,,,,,
2026-07-02 19:32:54,1751.3565666675568,56.187000000000005,26.25,0.5522500000000001,10.0,0.0,,,,,,
2026-07-02 19:32:56,1753.1505422592163,56.25,26.25,0.49500000000000005,10.0,0.0,,,,,,
2026-07-02 19:32:58,1754.9699404239655,56.312000000000005,26.25,0.49641666666666673,10.0,0.0,,,,,,
2026-07-02 19:33:00,1756.7660043239594,56.312000000000005,26.125,0.5462500000000001,10.0,0.0,,,,,,
2026-07-02 19:33:02,1758.5905556678772,56.312000000000005,26.125,0.5449375000000001,10.0,0.0,,,,,,
2026-07-02 19:33:04,1760.410567998886,56.312000000000005,26.25,0.49889583333333337,10.0,0.0,,,,,,
2026-07-02 19:33:05,1762.2067878246307,56.312000000000005,26.125,0.4971250000000001,10.0,0.0,,,,,,
2026-07-02 19:33:07,1764.0259013175964,56.312000000000005,26.125,0.5260833333333333,10.0,0.0,,,,,,
2026-07-02 19:33:09,1765.8184514045715,56.312000000000005,26.25,0.49791666666666673,10.0,0.0,,,,,,
2026-07-02 19:33:11,1767.6125853061676,56.312000000000005,26.125,0.5008541666666667,10.0,0.0,,,,,,
2026-07-02 19:33:13,1769.4019260406494,56.25,26.125,0.5334166666666668,10.0,0.0,,,,,,
2026-07-02 19:33:14,1771.1946337223053,56.187000000000005,26.125,0.5457083333333334,10.0,0.0,,,,,,
2026-07-02 19:33:16,1772.9886815547943,56.187000000000005,26.0,0.5539166666666667,10.0,0.0,,,,,,
2026-07-02 19:33:18,1774.778546333313,56.125,26.125,0.49918750000000006,10.0,0.0,,,,,,
2026-07-02 19:33:20,1776.5699861049652,56.062000000000005,26.0,0.4995625000000001,10.0,0.0,,,,,,
2026-07-02 19:33:21,1778.3620173931122,56.0,26.0,0.5398333333333334,10.0,0.0,,,,,,
2026-07-02 19:33:23,1780.1585655212402,55.937,26.0,0.5002916666666667,10.0,0.0,,,,,,
2026-07-02 19:33:25,1781.9779124259949,55.875,26.0,0.5028541666666667,10.0,0.0,,,,,,
2026-07-02 19:33:27,1783.776201725006,55.812,26.0,0.5546875000000001,10.0,0.0,,,,,,
2026-07-02 19:33:29,1785.594528913498,55.75,26.0,0.5545833333333334,10.0,0.0,,,,,,
2026-07-02 19:33:31,1787.3866519927979,55.687,26.0,0.5010625000000001,10.0,0.0,,,,,,
2026-07-02 19:33:32,1789.1814036369324,55.625,26.125,0.5051458333333334,10.0,0.0,,,,,,
2026-07-02 19:33:34,1790.969967365265,55.5,26.0,0.557875,10.0,0.0,,,,,,
2026-07-02 19:33:36,1792.762625694275,55.437,26.0,0.5040208333333334,10.0,0.0,,,,,,
2026-07-02 19:33:38,1794.5572032928467,55.375,26.0,0.5026250000000001,10.0,0.0,,,,,,
2026-07-02 19:33:39,1796.345971107483,55.25,26.0,0.535625,10.0,0.0,,,,,,
2026-07-02 19:33:41,1798.1426119804382,55.187,26.0,0.5023541666666667,10.0,0.0,,,,,,
2026-07-02 19:33:43,1799.9619491100311,55.062,26.0,0.5036875000000001,10.0,0.0,,,,,,
2026-07-02 19:33:45,1801.7539217472076,54.937,26.0,0.5490625,10.0,0.0,,,,,,
2026-07-02 19:33:47,1803.5463571548462,54.875,25.875,0.5038541666666667,10.0,0.0,,,,,,
2026-07-02 19:33:48,1805.346566915512,54.812,25.875,0.5070625000000001,10.0,0.0,,,,,,
2026-07-02 19:33:50,1807.1620302200317,54.687,25.875,0.5608958333333334,10.0,0.0,,,,,,
2026-07-02 19:33:52,1808.9546074867249,54.625,26.0,0.5014375000000001,10.0,0.0,,,,,,
2026-07-02 19:33:54,1810.749980211258,54.5,25.875,0.5066458333333334,10.0,0.0,,,,,,
2026-07-02 19:33:56,1812.5702097415924,54.437,26.0,0.017291666666666667,0.0,0.0,,,,,,
2026-07-02 19:33:58,1814.3665895462036,54.375,26.0,0.017083333333333336,0.0,0.0,,,,,,
2026-07-02 19:33:59,1816.1876573562622,54.312,26.0,0.0168125,0.0,0.0,,,,,,
2026-07-02 19:34:01,1817.9779942035675,54.125,25.875,0.01672916666666667,0.0,0.0,,,,,,
2026-07-02 19:34:03,1819.7785732746124,54.062,26.0,0.016416666666666666,0.0,0.0,,,,,,
2026-07-02 19:34:05,1821.5972394943237,53.937,26.0,0.01660416666666667,0.0,0.0,,,,,,
2026-07-02 19:34:07,1823.3859441280365,53.875,25.875,0.016416666666666666,0.0,0.0,,,,,,
2026-07-02 19:34:08,1825.1786003112793,53.75,26.0,0.01622916666666667,0.0,0.0,,,,,,
2026-07-02 19:34:10,1826.9735493659973,53.625,26.0,0.01672916666666667,0.0,0.0,,,,,,
2026-07-02 19:34:12,1828.794076681137,53.5,26.0,0.017145833333333336,0.0,0.0,,,,,,
2026-07-02 19:34:14,1830.5866975784302,53.437,26.0,0.01675,0.0,0.0,,,,,,
2026-07-02 19:34:16,1832.3868186473846,53.312,26.0,0.0165,0.0,0.0,,,,,,
2026-07-02 19:34:17,1834.2018880844116,53.187,26.0,0.016895833333333336,0.0,0.0,,,,,,
2026-07-02 19:34:19,1835.9939513206482,53.125,26.125,0.016416666666666666,0.0,0.0,,,,,,
2026-07-02 19:34:21,1837.7866523265839,53.0,26.125,0.01647916666666667,0.0,0.0,,,,,,
2026-07-02 19:34:23,1839.577972650528,52.875,26.125,0.01635416666666667,0.0,0.0,,,,,,
2026-07-02 19:34:24,1841.3700065612793,52.812,26.125,0.016458333333333335,0.0,0.0,,,,,,
2026-07-02 19:34:26,1843.170573234558,52.687,26.0,0.016687500000000004,0.0,0.0,,,,,,
2026-07-02 19:34:28,1844.986124753952,52.562,26.125,0.016666666666666666,0.0,0.0,,,,,,
2026-07-02 19:34:30,1846.7781083583832,52.437,26.125,0.016187500000000004,0.0,0.0,,,,,,
2026-07-02 19:34:32,1848.573180437088,52.312,26.125,0.01633333333333334,0.0,0.0,,,,,,
2026-07-02 19:34:34,1850.3619203567505,52.25,26.125,0.01585416666666667,0.0,0.0,,,,,,
2026-07-02 19:34:35,1852.185923576355,52.125,26.125,0.01679166666666667,0.0,0.0,,,,,,
2026-07-02 19:34:37,1853.978802204132,52.0,26.25,0.016708333333333335,0.0,0.0,,,,,,
2026-07-02 19:34:39,1855.7700271606445,51.812,26.125,0.0160625,0.0,0.0,,,,,,
2026-07-02 19:34:41,1857.566119670868,51.75,26.25,0.015958333333333335,0.0,0.0,,,,,,
2026-07-02 19:34:43,1859.3891570568085,51.625,26.25,0.017333333333333336,0.0,0.0,,,,,,
2026-07-02 19:34:44,1861.1780021190643,51.5,26.25,0.017,0.0,0.0,,,,,,
2026-07-02 19:34:46,1862.9702236652374,51.375,26.25,0.01633333333333334,0.0,0.0,,,,,,
2026-07-02 19:34:48,1864.7625024318695,51.25,26.25,0.016708333333333335,0.0,0.0,,,,,,
2026-07-02 19:34:50,1866.557912826538,51.125,26.25,0.017083333333333336,0.0,0.0,,,,,,
2026-07-02 19:34:52,1868.3779380321503,51.0,26.25,0.016875000000000005,0.0,0.0,,,,,,
2026-07-02 19:34:53,1870.1792328357697,50.875,26.25,0.016708333333333335,0.0,0.0,,,,,,
2026-07-02 19:34:55,1871.9940185546875,50.75,26.25,0.01597916666666667,0.0,0.0,,,,,,
2026-07-02 19:34:57,1873.785986661911,50.625,26.25,0.017,0.0,0.0,,,,,,
2026-07-02 19:34:59,1875.5786354541779,50.5,26.375,0.015958333333333335,0.0,0.0,,,,,,
2026-07-02 19:35:00,1877.3699913024902,50.375,26.375,0.01610416666666667,0.0,0.0,,,,,,
2026-07-02 19:35:02,1879.1620252132416,50.25,26.25,0.016645833333333335,0.0,0.0,,,,,,
2026-07-02 19:35:04,1880.9561774730682,50.062,26.375,0.016895833333333336,0.0,0.0,,,,,,
2026-07-02 19:35:06,1882.7458996772766,50.0,26.375,0.01679166666666667,0.0,0.0,,,,,,
2026-07-02 19:35:08,1884.5379230976105,49.875,26.375,0.016854166666666667,0.0,0.0,,,,,,
2026-07-02 19:35:09,1886.3337233066559,49.75,26.375,0.017291666666666667,0.0,0.0,,,,,,
2026-07-02 19:35:11,1888.1539278030396,49.625,26.25,0.016437500000000004,0.0,0.0,,,,,,
2026-07-02 19:35:13,1889.9459731578827,49.5,26.375,0.01704166666666667,0.0,0.0,,,,,,
2026-07-02 19:35:15,1891.7386286258698,49.375,26.375,0.016187500000000004,0.0,0.0,,,,,,
2026-07-02 19:35:17,1893.5299832820892,49.25,26.375,0.01704166666666667,0.0,0.0,,,,,,
2026-07-02 19:35:18,1895.321994304657,49.125,26.375,0.017104166666666667,0.0,0.0,,,,,,
2026-07-02 19:35:20,1897.11945438385,49.0,26.375,0.0163125,0.0,0.0,,,,,,
2026-07-02 19:35:22,1898.9385869503021,48.875,26.375,0.016645833333333335,0.0,0.0,,,,,,
2026-07-02 19:35:24,1900.7339162826538,48.75,26.375,0.01591666666666667,0.0,0.0,,,,,,
2026-07-02 19:35:26,1902.5596249103546,48.625,26.375,0.016187500000000004,0.0,0.0,,,,,,
2026-07-02 19:35:28,1904.3784725666046,48.5,26.375,0.016958333333333336,0.0,0.0,,,,,,
2026-07-02 19:35:29,1906.169906616211,48.375,26.375,0.016375,0.0,0.0,,,,,,
2026-07-02 19:35:31,1907.9619829654694,48.25,26.375,0.016416666666666666,0.0,0.0,,,,,,
2026-07-02 19:35:33,1909.7584807872772,48.187,26.25,0.01675,0.0,0.0,,,,,,
2026-07-02 19:35:35,1911.5779964923859,48.062,26.375,0.01672916666666667,0.0,0.0,,,,,,
2026-07-02 19:35:37,1913.3740618228912,47.937,26.375,0.01697916666666667,0.0,0.0,,,,,,
2026-07-02 19:35:38,1915.1946156024933,47.812,26.25,0.017541666666666667,0.0,0.0,,,,,,
2026-07-02 19:35:40,1916.986102104187,47.687,26.375,0.01704166666666667,0.0,0.0,,,,,,
2026-07-02 19:35:42,1918.7779285907745,47.562,26.25,0.016583333333333335,0.0,0.0,,,,,,
2026-07-02 19:35:44,1920.570541858673,47.5,26.25,0.016625000000000004,0.0,0.0,,,,,,
2026-07-02 19:35:46,1922.3619177341461,47.375,26.25,0.01647916666666667,0.0,0.0,,,,,,
2026-07-02 19:35:47,1924.189438343048,47.25,26.375,0.016833333333333336,0.0,0.0,,,,,,
2026-07-02 19:35:49,1925.978589296341,47.187,26.25,0.016270833333333335,0.0,0.0,,,,,,
2026-07-02 19:35:51,1927.7699575424194,47.062,26.25,0.015562500000000002,0.0,0.0,,,,,,
2026-07-02 19:35:53,1929.5653326511383,46.937,26.25,0.016437500000000004,0.0,0.0,,,,,,
2026-07-02 19:35:54,1931.3546011447906,46.875,26.25,0.016208333333333335,0.0,0.0,,,,,,
2026-07-02 19:35:56,1933.1459748744965,46.75,26.25,0.0168125,0.0,0.0,,,,,,
2026-07-02 19:35:58,1934.938000679016,46.625,26.375,0.016958333333333336,0.0,0.0,,,,,,
2026-07-02 19:36:00,1936.7345027923584,46.5,26.25,0.017583333333333336,0.0,0.0,,,,,,
2026-07-02 19:36:02,1938.5545027256012,46.437,26.25,0.01622916666666667,0.0,0.0,,,,,,
2026-07-02 19:36:03,1940.3459205627441,46.312,26.375,0.016458333333333335,0.0,0.0,,,,,,
2026-07-02 19:36:05,1942.1379339694977,46.25,26.25,0.01629166666666667,0.0,0.0,,,,,,
2026-07-02 19:36:07,1943.9306054115295,46.125,26.25,0.016666666666666666,0.0,0.0,,,,,,
2026-07-02 19:36:09,1945.7229561805725,46.0,26.25,0.01633333333333334,0.0,0.0,,,,,,
2026-07-02 19:36:11,1947.5145499706268,45.937,26.25,0.016645833333333335,0.0,0.0,,,,,,
2026-07-02 19:36:12,1949.305982351303,45.812,26.25,0.017083333333333336,0.0,0.0,,,,,,
2026-07-02 19:36:14,1951.0979778766632,45.687,26.25,0.016270833333333335,0.0,0.0,,,,,,
2026-07-02 19:36:16,1952.890587568283,45.625,26.25,0.017125,0.0,0.0,,,,,,
2026-07-02 19:36:18,1954.6819005012512,45.5,26.25,0.0160625,0.0,0.0,,,,,,
2026-07-02 19:36:20,1956.4779644012451,45.437,26.25,0.01625,0.0,0.0,,,,,,
2026-07-02 19:36:21,1958.298490524292,45.312,26.25,0.016666666666666666,0.0,0.0,,,,,,
2026-07-02 19:36:23,1960.0899000167847,45.187,26.125,0.01679166666666667,0.0,0.0,,,,,,
2026-07-02 19:36:25,1961.882354259491,45.062,26.25,0.0168125,0.0,0.0,,,,,,
2026-07-02 19:36:27,1963.6748046875,45.0,26.125,0.016895833333333336,0.0,0.0,,,,,,
2026-07-02 19:36:29,1965.4660408496857,44.875,26.125,0.0168125,0.0,0.0,,,,,,
2026-07-02 19:36:30,1967.26238656044,44.812,26.125,0.01635416666666667,0.0,0.0,,,,,,
2026-07-02 19:36:32,1969.0825879573822,44.687,26.125,0.016645833333333335,0.0,0.0,,,,,,
2026-07-02 19:36:34,1970.8739726543427,44.625,26.125,0.016895833333333336,0.0,0.0,,,,,,
2026-07-02 19:36:36,1972.669150352478,44.5,26.125,0.016187500000000004,0.0,0.0,,,,,,
2026-07-02 19:36:38,1974.458488702774,44.437,26.125,0.0170625,0.0,0.0,,,,,,
2026-07-02 19:36:39,1976.2499108314514,44.312,26.125,0.01597916666666667,0.0,0.0,,,,,,
2026-07-02 19:36:41,1978.041983127594,44.25,26.125,0.017083333333333336,0.0,0.0,,,,,,
2026-07-02 19:36:43,1979.834596157074,44.187,26.125,0.0165,0.0,0.0,,,,,,
2026-07-02 19:36:45,1981.6266295909882,44.062,26.0,0.0165625,0.0,0.0,,,,,,
2026-07-02 19:36:47,1983.420297384262,44.0,26.125,0.01725,0.0,0.0,,,,,,
2026-07-02 19:36:48,1985.2105956077576,43.875,26.125,0.01675,0.0,0.0,,,,,,
2026-07-02 19:36:50,1987.0019297599792,43.812,26.125,0.016645833333333335,0.0,0.0,,,,,,
2026-07-02 19:36:52,1988.793960571289,43.75,26.0,0.01675,0.0,0.0,,,,,,
2026-07-02 19:36:54,1990.5864996910095,43.625,26.0,0.016958333333333336,0.0,0.0,,,,,,
2026-07-02 19:36:56,1992.3779091835022,43.562,26.0,0.017333333333333336,0.0,0.0,,,,,,
2026-07-02 19:36:57,1994.175529718399,43.437,26.0,0.015958333333333335,0.0,0.0,,,,,,
2026-07-02 19:36:59,1995.994517326355,43.375,26.0,0.016416666666666666,0.0,0.0,,,,,,
2026-07-02 19:37:01,1997.7859756946564,43.312,26.0,0.01704166666666667,0.0,0.0,,,,,,
2026-07-02 19:37:03,1999.5837495326996,43.187,26.0,0.016187500000000004,0.0,0.0,,,,,,
2026-07-02 19:37:05,2001.402779340744,43.125,26.0,0.01672916666666667,0.0,0.0,,,,,,
2026-07-02 19:37:06,2003.1940097808838,43.0,26.0,0.0174375,0.0,0.0,,,,,,
2026-07-02 19:37:08,2004.9899666309357,42.875,26.0,0.01629166666666667,0.0,0.0,,,,,,
2026-07-02 19:37:10,2006.8109064102173,42.812,26.0,0.017020833333333336,0.0,0.0,,,,,,
2026-07-02 19:37:12,2008.6019072532654,42.75,26.0,0.0165,0.0,0.0,,,,,,
2026-07-02 19:37:14,2010.3985691070557,42.687,26.0,0.017020833333333336,0.0,0.0,,,,,,
2026-07-02 19:37:15,2012.2186334133148,42.625,26.0,0.016625000000000004,0.0,0.0,,,,,,
2026-07-02 19:37:17,2014.0099239349365,42.5,26.0,0.016395833333333335,0.0,0.0,,,,,,
2026-07-02 19:37:19,2015.80211019516,42.437,26.0,0.0169375,0.0,0.0,,,,,,
2026-07-02 19:37:21,2017.5949220657349,42.312,25.875,4.29025,90.0,1.0,,,,,,
2026-07-02 19:37:23,2019.3859188556671,42.25,26.0,4.056229166666667,90.0,1.0,,,,,,
2026-07-02 19:37:24,2021.1780540943146,42.187,25.875,4.004854166666667,90.0,1.0,,,,,,
2026-07-02 19:37:26,2022.9705679416656,42.062,25.875,3.915583333333334,90.0,1.0,,,,,,
2026-07-02 19:37:28,2024.7620000839233,42.0,25.875,3.8804375,90.0,1.0,,,,,,
2026-07-02 19:37:30,2026.5573861598969,41.937,26.0,3.9050833333333337,90.0,1.0,,,,,,
2026-07-02 19:37:32,2028.3505051136017,41.812,26.0,3.828395833333334,90.0,1.0,,,,,,
2026-07-02 19:37:33,2030.1699464321136,41.75,25.875,3.8088541666666673,90.0,1.0,,,,,,
2026-07-02 19:37:35,2031.9619417190552,41.625,25.875,3.8415625000000007,90.0,1.0,,,,,,
2026-07-02 19:37:37,2033.7586653232574,41.562,25.875,3.8207083333333336,90.0,1.0,,,,,,
2026-07-02 19:37:39,2035.5804913043976,41.5,26.0,3.7611250000000003,90.0,1.0,,,,,,
2026-07-02 19:37:40,2037.3725852966309,41.375,25.875,3.748208333333334,90.0,1.0,,,,,,
2026-07-02 19:37:42,2039.1619889736176,41.25,25.875,3.7679375000000004,90.0,1.0,,,,,,
2026-07-02 19:37:44,2040.9586462974548,41.125,25.875,3.720979166666667,90.0,1.0,,,,,,
2026-07-02 19:37:46,2042.7780034542084,41.0,25.875,3.7075208333333336,90.0,1.0,,,,,,
2026-07-02 19:37:48,2044.569896697998,40.875,25.875,3.7460000000000004,90.0,1.0,,,,,,
2026-07-02 19:37:50,2046.3665051460266,40.812,25.875,3.6843750000000006,90.0,1.0,,,,,,
2026-07-02 19:37:51,2048.1859662532806,40.625,25.875,3.673416666666667,90.0,1.0,,,,,,
2026-07-02 19:37:53,2049.977919816971,40.5,25.875,3.7111666666666667,90.0,1.0,,,,,,
2026-07-02 19:37:55,2051.770541906357,40.375,25.875,3.6548750000000005,90.0,1.0,,,,,,
2026-07-02 19:37:57,2053.562023639679,40.25,25.875,3.6446458333333336,90.0,1.0,,,,,,
2026-07-02 19:37:58,2055.3539803028107,40.125,25.875,3.661895833333334,90.0,1.0,,,,,,
2026-07-02 19:38:00,2057.146661043167,40.0,25.875,3.673125,90.0,1.0,,,,,,
2026-07-02 19:38:02,2058.9746170043945,39.812,25.875,3.6184583333333338,90.0,1.0,,,,,,
2026-07-02 19:38:04,2060.7939925193787,39.687,26.0,3.6112916666666672,90.0,1.0,,,,,,
2026-07-02 19:38:06,2062.585879802704,39.562,26.0,3.6501875000000004,90.0,1.0,,,,,,
2026-07-02 19:38:08,2064.384020090103,39.437,26.0,3.599416666666667,90.0,1.0,,,,,,
2026-07-02 19:38:09,2066.201952457428,39.312,26.0,3.5915416666666675,90.0,1.0,,,,,,
2026-07-02 19:38:11,2067.993946790695,39.187,26.0,3.629458333333334,90.0,1.0,,,,,,
2026-07-02 19:38:13,2069.790457725525,39.0,26.0,3.5793333333333335,90.0,1.0,,,,,,
2026-07-02 19:38:15,2071.6099882125854,38.875,26.0,3.570333333333334,90.0,1.0,,,,,,
2026-07-02 19:38:17,2073.401980161667,38.75,26.0,3.611416666666667,90.0,1.0,,,,,,
2026-07-02 19:38:18,2075.1975333690643,38.625,26.0,3.5591875000000006,90.0,1.0,,,,,,
2026-07-02 19:38:20,2076.9859943389893,38.437,26.0,3.5568750000000002,90.0,1.0,,,,,,
2026-07-02 19:38:22,2078.777971982956,38.312,26.0,3.587166666666667,90.0,1.0,,,,,,
2026-07-02 19:38:24,2080.571508407593,38.187,26.0,3.5456250000000007,90.0,1.0,,,,,,
2026-07-02 19:38:25,2082.3619136810303,38.062,26.0,3.5411458333333337,90.0,1.0,,,,,,
2026-07-02 19:38:27,2084.153935432434,37.937,26.0,3.584,90.0,1.0,,,,,,
2026-07-02 19:38:29,2085.9505219459534,37.75,26.0,3.5722083333333337,90.0,1.0,,,,,,
2026-07-02 19:38:31,2087.770663022995,37.625,26.0,3.5703125000000004,90.0,1.0,,,,,,
2026-07-02 19:38:33,2089.562621831894,37.5,26.0,3.566291666666667,90.0,1.0,,,,,,
2026-07-02 19:38:34,2091.354625940323,37.375,26.0,3.559895833333334,90.0,1.0,,,,,,
2026-07-02 19:38:36,2093.1466331481934,37.25,26.0,3.513416666666667,90.0,1.0,,,,,,
2026-07-02 19:38:38,2094.937977075577,37.062,26.0,3.5096250000000007,90.0,1.0,,,,,,
2026-07-02 19:38:40,2096.729948282242,36.937,26.0,3.5538125000000007,90.0,1.0,,,,,,
2026-07-02 19:38:42,2098.5224828720093,36.812,26.0,3.5019375000000004,90.0,1.0,,,,,,
2026-07-02 19:38:43,2100.3139295578003,36.687,26.125,3.502145833333334,90.0,1.0,,,,,,
2026-07-02 19:38:45,2102.1059427261353,36.562,26.125,3.5403750000000005,90.0,1.0,,,,,,
2026-07-02 19:38:47,2103.898489713669,36.437,26.125,3.4946458333333337,90.0,1.0,,,,,,
2026-07-02 19:38:49,2105.6899745464325,36.312,26.125,3.492354166666667,90.0,1.0,,,,,,
2026-07-02 19:38:51,2107.487963438034,36.187,26.125,3.517479166666667,90.0,1.0,,,,,,
2026-07-02 19:38:52,2109.3146319389343,36.062,26.125,3.486520833333334,90.0,1.0,,,,,,
2026-07-02 19:38:54,2111.130009651184,35.937,26.125,3.4843333333333337,90.0,1.0,,,,,,
2026-07-02 19:38:56,2112.926173210144,35.812,26.125,3.5234791666666667,90.0,1.0,,,,,,
2026-07-02 19:38:58,2114.7506046295166,35.75,26.125,3.4801458333333337,90.0,1.0,,,,,,
2026-07-02 19:39:00,2116.569924592972,35.625,26.25,3.4774375,90.0,1.0,,,,,,
2026-07-02 19:39:01,2118.364809989929,35.5,26.25,3.5233750000000006,90.0,1.0,,,,,,
2026-07-02 19:39:03,2120.1545464992523,35.375,26.25,3.4715000000000007,90.0,1.0,,,,,,
2026-07-02 19:39:05,2121.9459023475647,35.25,26.25,3.470958333333334,90.0,1.0,,,,,,
2026-07-02 19:39:07,2123.7448270320892,35.125,26.25,3.5177708333333335,90.0,1.0,,,,,,
2026-07-02 19:39:09,2125.5628249645233,35.062,26.25,3.507708333333334,90.0,1.0,,,,,,
2026-07-02 19:39:10,2127.354595899582,34.937,26.25,3.464083333333334,90.0,1.0,,,,,,
2026-07-02 19:39:12,2129.146735191345,34.812,26.25,3.462416666666667,90.0,1.0,,,,,,
2026-07-02 19:39:14,2130.9379477500916,34.75,26.25,3.4981875000000007,90.0,1.0,,,,,,
2026-07-02 19:39:16,2132.7306270599365,34.625,26.25,3.4624375000000005,90.0,1.0,,,,,,
2026-07-02 19:39:18,2134.521931409836,34.5,26.25,3.4599583333333337,90.0,1.0,,,,,,
2026-07-02 19:39:19,2136.314064502716,34.375,26.25,3.5048750000000006,90.0,1.0,,,,,,
2026-07-02 19:39:21,2138.10653424263,34.312,26.25,3.454270833333334,90.0,1.0,,,,,,
2026-07-02 19:39:23,2139.8979246616364,34.187,26.375,3.454583333333334,90.0,1.0,,,,,,
2026-07-02 19:39:25,2141.6899828910828,34.125,26.375,3.4969583333333336,90.0,1.0,,,,,,
2026-07-02 19:39:27,2143.4826209545135,34.0,26.25,3.4954583333333336,90.0,1.0,,,,,,
2026-07-02 19:39:28,2145.2800116539,33.875,26.375,3.4481250000000006,90.0,1.0,,,,,,
2026-07-02 19:39:30,2147.0979857444763,33.812,26.375,3.4496041666666675,90.0,1.0,,,,,,
2026-07-02 19:39:32,2148.8899915218353,33.75,26.375,3.4954583333333336,90.0,1.0,,,,,,
2026-07-02 19:39:34,2150.6827726364136,33.625,26.375,3.446333333333334,90.0,1.0,,,,,,
2026-07-02 19:39:36,2152.4740722179413,33.562,26.375,3.447229166666667,90.0,1.0,,,,,,
2026-07-02 19:39:37,2154.266083717346,33.437,26.375,3.4904583333333337,90.0,1.0,,,,,,
2026-07-02 19:39:39,2156.0634620189667,33.375,26.5,3.444020833333334,90.0,1.0,,,,,,
2026-07-02 19:39:41,2157.8818938732147,33.312,26.5,3.4423958333333338,90.0,1.0,,,,,,
2026-07-02 19:39:43,2159.6739394664764,33.187,26.375,3.489104166666667,90.0,1.0,,,,,,
2026-07-02 19:39:45,2161.4734904766083,33.125,26.375,3.4421250000000008,90.0,1.0,,,,,,
2026-07-02 19:39:46,2163.2900137901306,33.062,26.5,3.4399375,90.0,1.0,,,,,,
2026-07-02 19:39:48,2165.0819861888885,32.937,26.5,3.4799375000000006,90.0,1.0,,,,,,
2026-07-02 19:39:50,2166.8745646476746,32.875,26.5,3.4374583333333337,90.0,1.0,,,,,,
2026-07-02 19:39:52,2168.6659927368164,32.75,26.5,3.4386458333333336,90.0,1.0,,,,,,
2026-07-02 19:39:54,2170.461940050125,32.687,26.5,3.4853750000000003,90.0,1.0,,,,,,
2026-07-02 19:39:55,2172.2825639247894,32.625,26.5,3.477708333333334,90.0,1.0,,,,,,
2026-07-02 19:39:57,2174.0744693279266,32.562,26.5,3.4353750000000005,90.0,1.0,,,,,,
2026-07-02 19:39:59,2175.8659472465515,32.437,26.625,3.4387916666666674,90.0,1.0,,,,,,
2026-07-02 19:40:01,2177.6943368911743,32.375,26.5,3.477770833333334,90.0,1.0,,,,,,
2026-07-02 19:40:03,2179.514609336853,32.312,26.625,3.4346875000000003,90.0,1.0,,,,,,
2026-07-02 19:40:04,2181.30597615242,32.187,26.625,3.4325625000000004,90.0,1.0,,,,,,
2026-07-02 19:40:06,2183.101802110672,32.125,26.625,3.4693125,90.0,1.0,,,,,,
2026-07-02 19:40:08,2184.922699213028,32.062,26.75,3.4725416666666673,90.0,1.0,,,,,,
2026-07-02 19:40:10,2186.7153487205505,32.0,26.75,3.431645833333334,90.0,1.0,,,,,,
2026-07-02 19:40:12,2188.509652376175,31.937,26.75,3.1053125,80.0,1.0,,,,,,
2026-07-02 19:40:13,2190.2980291843414,31.812,26.75,3.1689791666666673,80.0,1.0,,,,,,
2026-07-02 19:40:15,2192.0906336307526,31.75,26.75,3.135729166666667,80.0,1.0,,,,,,
2026-07-02 19:40:17,2193.8819632530212,31.687,26.75,3.1408750000000003,80.0,1.0,,,,,,
2026-07-02 19:40:19,2195.673983812332,31.625,26.75,3.1908750000000006,80.0,1.0,,,,,,
2026-07-02 19:40:21,2197.4667768478394,31.562,26.75,3.1446250000000004,80.0,1.0,,,,,,
2026-07-02 19:40:22,2199.2630195617676,31.437,26.875,3.150770833333334,80.0,1.0,,,,,,
2026-07-02 19:40:24,2201.081955909729,31.375,26.875,3.1711875000000003,80.0,1.0,,,,,,
2026-07-02 19:40:26,2202.8744978904724,31.312,26.875,3.1508958333333337,80.0,1.0,,,,,,
2026-07-02 19:40:28,2204.665977716446,31.25,27.0,3.1516875000000004,80.0,1.0,,,,,,
2026-07-02 19:40:30,2206.4579882621765,31.187,27.0,3.1856875000000002,80.0,1.0,,,,,,
2026-07-02 19:40:31,2208.2508504390717,31.125,27.0,3.194458333333334,80.0,1.0,,,,,,
2026-07-02 19:40:33,2210.044423341751,31.062,26.875,3.1983958333333335,80.0,1.0,,,,,,
2026-07-02 19:40:35,2211.834612607956,31.0,27.0,3.1527708333333337,80.0,1.0,,,,,,
2026-07-02 19:40:37,2213.625988006592,30.937,27.0,3.156041666666667,80.0,1.0,,,,,,
2026-07-02 19:40:39,2215.4183509349823,30.875,27.0,3.183958333333334,80.0,1.0,,,,,,
2026-07-02 19:40:40,2217.2146015167236,30.812,27.0,3.157666666666667,80.0,1.0,,,,,,
2026-07-02 19:40:42,2219.0339148044586,30.75,27.125,3.1568125000000005,80.0,1.0,,,,,,
2026-07-02 19:40:44,2220.8259387016296,30.687,27.125,3.1886041666666673,80.0,1.0,,,,,,
2026-07-02 19:40:46,2222.6183676719666,30.625,27.125,3.159166666666667,80.0,1.0,,,,,,
2026-07-02 19:40:48,2224.4101643562317,30.562,27.125,3.1615833333333336,80.0,1.0,,,,,,
2026-07-02 19:40:49,2226.2022857666016,30.5,27.25,3.2071041666666673,80.0,1.0,,,,,,
2026-07-02 19:40:51,2227.9945964813232,30.5,27.25,3.1603333333333334,80.0,1.0,,,,,,
2026-07-02 19:40:53,2229.7860696315765,30.437,27.25,3.161708333333334,80.0,1.0,,,,,,
2026-07-02 19:40:55,2231.5779922008514,30.375,27.25,3.1805208333333335,80.0,1.0,,,,,,
2026-07-02 19:40:56,2233.3705937862396,30.312,27.375,3.1625,80.0,1.0,,,,,,
2026-07-02 19:40:58,2235.161913871765,30.25,27.375,3.163395833333334,80.0,1.0,,,,,,
2026-07-02 19:41:00,2236.9541444778442,30.25,27.375,3.2093125000000007,80.0,1.0,,,,,,
2026-07-02 19:41:02,2238.7465369701385,30.187,27.5,3.163854166666667,80.0,1.0,,,,,,
2026-07-02 19:41:04,2240.5379254817963,30.125,27.5,3.1663125,80.0,1.0,,,,,,
2026-07-02 19:41:05,2242.330032348633,30.062,27.5,3.212854166666667,80.0,1.0,,,,,,
2026-07-02 19:41:07,2244.1226472854614,30.062,27.5,3.163729166666667,80.0,1.0,,,,,,
2026-07-02 19:41:09,2245.9139592647552,30.0,27.625,3.1669166666666673,80.0,1.0,,,,,,
2026-07-02 19:41:11,2247.70605301857,29.937,27.625,3.2004166666666674,80.0,1.0,,,,,,
2026-07-02 19:41:13,2249.498602628708,29.937,27.75,3.2095833333333337,80.0,1.0,,,,,,
2026-07-02 19:41:14,2251.29061627388,29.875,27.75,3.2103333333333337,80.0,1.0,,,,,,
2026-07-02 19:41:16,2253.0853214263916,29.812,27.875,3.164520833333334,80.0,1.0,,,,,,
2026-07-02 19:41:18,2254.8739120960236,29.75,27.75,3.17275,80.0,1.0,,,,,,
2026-07-02 19:41:20,2256.6658959388733,29.75,27.875,3.218979166666667,80.0,1.0,,,,,,
2026-07-02 19:41:22,2258.463418006897,29.687,27.875,3.1692500000000003,80.0,1.0,,,,,,
2026-07-02 19:41:23,2260.2819747924805,29.687,28.0,3.169666666666667,80.0,1.0,,,,,,
2026-07-02 19:41:25,2262.073958873749,29.625,28.0,3.2078750000000005,80.0,1.0,,,,,,
2026-07-02 19:41:27,2263.86661362648,29.562,28.0,3.1712500000000006,80.0,1.0,,,,,,
2026-07-02 19:41:29,2265.657992362976,29.5,28.0,3.1712500000000006,80.0,1.0,,,,,,
2026-07-02 19:41:31,2267.450292110443,29.5,28.125,3.5456875000000005,90.0,1.0,,,,,,
2026-07-02 19:41:32,2269.2454528808594,29.437,28.125,3.479291666666667,90.0,1.0,,,,,,
2026-07-02 19:41:34,2271.0339658260345,29.375,28.125,3.4702708333333336,90.0,1.0,,,,,,
2026-07-02 19:41:36,2272.8262565135956,29.375,28.125,3.511416666666667,90.0,1.0,,,,,,
2026-07-02 19:41:38,2274.6186470985413,29.312,28.125,3.5040625000000003,90.0,1.0,,,,,,
2026-07-02 19:41:40,2276.4106085300446,29.25,28.125,3.4566666666666674,90.0,1.0,,,,,,
2026-07-02 19:41:41,2278.2019860744476,29.25,28.25,3.4582083333333338,90.0,1.0,,,,,,
2026-07-02 19:41:43,2279.9980466365814,29.187,28.25,3.5007708333333336,90.0,1.0,,,,,,
2026-07-02 19:41:45,2281.818604707718,29.125,28.25,3.498479166666667,90.0,1.0,,,,,,
2026-07-02 19:41:47,2283.6105082035065,29.125,28.25,3.4932708333333338,90.0,1.0,,,,,,
2026-07-02 19:41:49,2285.4061467647552,29.062,28.25,3.4506875000000004,90.0,1.0,,,,,,
2026-07-02 19:41:50,2287.22594165802,29.062,28.25,3.450604166666667,90.0,1.0,,,,,,
2026-07-02 19:41:52,2289.01802444458,29.0,28.25,3.4915833333333337,90.0,1.0,,,,,,
2026-07-02 19:41:54,2290.8108603954315,28.937,28.375,3.4483750000000004,90.0,1.0,,,,,,
2026-07-02 19:41:56,2292.6021552085876,28.875,28.375,3.4480208333333335,90.0,1.0,,,,,,
2026-07-02 19:41:58,2294.393961906433,28.812,28.5,3.4854583333333338,90.0,1.0,,,,,,
2026-07-02 19:41:59,2296.1926476955414,28.75,28.375,3.4451875000000003,90.0,1.0,,,,,,
2026-07-02 19:42:01,2298.009979248047,28.75,28.375,3.443645833333334,90.0,1.0,,,,,,
2026-07-02 19:42:03,2299.8539447784424,28.687,28.375,3.491,90.0,1.0,,,,,,
2026-07-02 19:42:05,2301.664125442505,28.687,28.375,3.4409166666666673,90.0,1.0,,,,,,
2026-07-02 19:42:07,2303.481922864914,28.562,28.375,3.4430000000000005,90.0,1.0,,,,,,
2026-07-02 19:42:08,2305.2739174365997,28.562,28.5,3.4787500000000007,90.0,1.0,,,,,,
2026-07-02 19:42:10,2307.072838783264,28.5,28.5,3.4406458333333334,90.0,1.0,,,,,,
2026-07-02 19:42:12,2308.8899788856506,28.437,28.5,3.4396250000000004,90.0,1.0,,,,,,
2026-07-02 19:42:14,2310.6819500923157,28.437,28.5,3.4845416666666673,90.0,1.0,,,,,,
2026-07-02 19:42:16,2312.4746210575104,28.375,28.625,3.4425833333333338,90.0,1.0,,,,,,
2026-07-02 19:42:17,2314.26597905159,28.375,28.625,3.4401250000000005,90.0,1.0,,,,,,
2026-07-02 19:42:19,2316.0579841136932,28.312,28.625,3.455958333333334,90.0,1.0,,,,,,
2026-07-02 19:42:21,2317.8506157398224,28.25,28.625,3.4763333333333337,90.0,1.0,,,,,,
2026-07-02 19:42:23,2319.6425240039825,28.187,28.625,3.477770833333334,90.0,1.0,,,,,,
2026-07-02 19:42:25,2321.434417247772,28.125,28.625,3.434145833333334,90.0,1.0,,,,,,
2026-07-02 19:42:26,2323.229269504547,28.125,28.625,3.4355625,90.0,1.0,,,,,,
2026-07-02 19:42:28,2325.0179772377014,28.062,28.625,3.4825208333333335,90.0,1.0,,,,,,
2026-07-02 19:42:30,2326.810550928116,28.0,28.5,3.4348125000000005,90.0,1.0,,,,,,
2026-07-02 19:42:32,2328.6019806861877,27.937,28.625,3.4352083333333336,90.0,1.0,,,,,,
2026-07-02 19:42:34,2330.3939912319183,27.937,28.625,3.461166666666667,90.0,1.0,,,,,,
2026-07-02 19:42:35,2332.18660569191,27.875,28.5,3.433604166666667,90.0,1.0,,,,,,
2026-07-02 19:42:37,2333.9812936782837,27.812,28.5,3.4359791666666673,90.0,1.0,,,,,,
2026-07-02 19:42:39,2335.769926548004,27.75,28.5,3.4743750000000007,90.0,1.0,,,,,,
2026-07-02 19:42:41,2337.5625014305115,27.687,28.5,3.4346250000000005,90.0,1.0,,,,,,
2026-07-02 19:42:43,2339.3582355976105,27.687,28.5,3.4346250000000005,90.0,1.0,,,,,,
2026-07-02 19:42:44,2341.1779317855835,27.625,28.5,3.4750625000000004,90.0,1.0,,,,,,
2026-07-02 19:42:46,2342.9705953598022,27.562,28.5,3.433354166666667,90.0,1.0,,,,,,
2026-07-02 19:42:48,2344.7619845867157,27.5,28.5,3.433208333333334,90.0,1.0,,,,,,
2026-07-02 19:42:50,2346.5539836883545,27.5,28.5,3.4481666666666673,90.0,1.0,,,,,,
2026-07-02 19:42:51,2348.346613883972,27.437,28.5,3.4738125000000006,90.0,1.0,,,,,,
2026-07-02 19:42:53,2350.142120361328,27.375,28.5,3.429416666666667,90.0,1.0,,,,,,
2026-07-02 19:42:55,2351.961995601654,27.375,28.5,3.4315625000000005,90.0,1.0,,,,,,
2026-07-02 19:42:57,2353.7540714740753,27.312,28.625,3.478583333333334,90.0,1.0,,,,,,
2026-07-02 19:42:59,2355.548353910446,27.25,28.625,3.476479166666667,90.0,1.0,,,,,,
2026-07-02 19:43:00,2357.3386969566345,27.187,28.625,3.427291666666667,90.0,1.0,,,,,,
2026-07-02 19:43:02,2359.129938364029,27.187,28.75,3.43175,90.0,1.0,,,,,,
2026-07-02 19:43:04,2360.9219806194305,27.125,28.75,3.478020833333334,90.0,1.0,,,,,,
2026-07-02 19:43:06,2362.7155554294586,27.062,28.75,3.429395833333334,90.0,1.0,,,,,,
2026-07-02 19:43:08,2364.5059864521027,27.062,28.75,3.432229166666667,90.0,1.0,,,,,,
2026-07-02 19:43:09,2366.3007509708405,27.0,28.75,3.4685208333333337,90.0,1.0,,,,,,
2026-07-02 19:43:11,2368.090576171875,26.937,28.75,3.428833333333334,90.0,1.0,,,,,,
2026-07-02 19:43:13,2369.8819575309753,26.875,28.875,3.4317916666666672,90.0,1.0,,,,,,
2026-07-02 19:43:15,2371.6739389896393,26.875,28.875,3.4761250000000006,90.0,1.0,,,,,,
2026-07-02 19:43:17,2373.4705295562744,26.812,28.875,3.470395833333334,90.0,1.0,,,,,,
2026-07-02 19:43:18,2375.2905151844025,26.75,28.875,3.4292083333333334,90.0,1.0,,,,,,
2026-07-02 19:43:20,2377.0935785770416,26.75,29.0,3.431354166666667,90.0,1.0,,,,,,
2026-07-02 19:43:22,2378.906001329422,26.687,29.0,3.4764375000000007,90.0,1.0,,,,,,
2026-07-02 19:43:24,2380.6985926628113,26.625,29.0,3.4301458333333334,90.0,1.0,,,,,,
2026-07-02 19:43:26,2382.4962635040283,26.562,29.0,3.429416666666667,90.0,1.0,,,,,,
2026-07-02 19:43:27,2384.3140058517456,26.562,29.125,3.4646250000000003,90.0,1.0,,,,,,
2026-07-02 19:43:29,2386.106570959091,26.5,29.125,3.4273125,90.0,1.0,,,,,,
2026-07-02 19:43:31,2387.8980128765106,26.5,29.125,3.426708333333334,90.0,1.0,,,,,,
2026-07-02 19:43:33,2389.6899433135986,26.437,29.125,3.473125,90.0,1.0,,,,,,
2026-07-02 19:43:35,2391.482684612274,26.375,29.125,3.4281875000000004,90.0,1.0,,,,,,
2026-07-02 19:43:36,2393.275550842285,26.375,29.125,3.4285208333333337,90.0,1.0,,,,,,
2026-07-02 19:43:38,2395.065927028656,26.312,29.0,3.4406250000000007,90.0,1.0,,,,,,
2026-07-02 19:43:40,2396.8586213588715,26.25,29.125,3.430229166666667,90.0,1.0,,,,,,
2026-07-02 19:43:42,2398.653400182724,26.25,29.125,3.429791666666667,90.0,1.0,,,,,,
2026-07-02 19:43:44,2400.4419617652893,26.187,29.125,3.4743750000000007,90.0,1.0,,,,,,
2026-07-02 19:43:45,2402.2346048355103,26.125,29.125,3.4255625000000003,90.0,1.0,,,,,,
2026-07-02 19:43:47,2404.0294682979584,26.125,29.0,3.428770833333334,90.0,1.0,,,,,,
2026-07-02 19:43:49,2405.8206980228424,26.062,29.125,3.474625,90.0,1.0,,,,,,
2026-07-02 19:43:51,2407.610723733902,26.062,29.125,3.4294375,90.0,1.0,,,,,,
2026-07-02 19:43:53,2409.406375646591,26.0,29.125,3.4289166666666673,90.0,1.0,,,,,,
2026-07-02 19:43:54,2411.225919008255,26.0,29.125,3.4543125000000003,90.0,1.0,,,,,,
2026-07-02 19:43:56,2413.022497177124,25.937,29.125,3.4279166666666674,90.0,1.0,,,,,,
2026-07-02 19:43:58,2414.841994524002,25.875,29.125,3.428270833333334,90.0,1.0,,,,,,
2026-07-02 19:44:00,2416.6339676380157,25.875,29.125,3.465854166666667,90.0,1.0,,,,,,
2026-07-02 19:44:02,2418.4266097545624,25.812,29.125,3.426979166666667,90.0,1.0,,,,,,
2026-07-02 19:44:03,2420.218192577362,25.812,29.125,3.4296875000000004,90.0,1.0,,,,,,
2026-07-02 19:44:05,2422.0099971294403,25.75,29.125,3.4728750000000006,90.0,1.0,,,,,,
2026-07-02 19:44:07,2423.802529335022,25.687,29.125,3.43,90.0,1.0,,,,,,
2026-07-02 19:44:09,2425.5939331054688,25.687,29.25,3.430895833333334,90.0,1.0,,,,,,
2026-07-02 19:44:11,2427.3858947753906,25.625,29.125,3.4460208333333338,90.0,1.0,,,,,,
2026-07-02 19:44:12,2429.1786024570465,25.625,29.0,3.4685625000000004,90.0,1.0,,,,,,
2026-07-02 19:44:14,2430.974529027939,25.562,29.125,3.430625,90.0,1.0,,,,,,
2026-07-02 19:44:16,2432.793977022171,25.562,29.125,3.428416666666667,90.0,1.0,,,,,,
2026-07-02 19:44:18,2434.58598613739,25.5,29.125,3.4721875000000004,90.0,1.0,,,,,,
2026-07-02 19:44:20,2436.379905939102,25.5,29.125,3.4750000000000005,90.0,1.0,,,,,,
2026-07-02 19:44:21,2438.1746196746826,25.437,29.0,3.4262708333333336,90.0,1.0,,,,,,
2026-07-02 19:44:23,2439.9939699172974,25.437,29.125,3.429229166666667,90.0,1.0,,,,,,
2026-07-02 19:44:25,2441.7861120700836,25.375,29.0,3.4774583333333338,90.0,1.0,,,,,,
2026-07-02 19:44:27,2443.5785002708435,25.312,29.125,3.4297083333333336,90.0,1.0,,,,,,
2026-07-02 19:44:28,2445.369945526123,25.312,29.0,3.4286875000000006,90.0,1.0,,,,,,
2026-07-02 19:44:30,2447.1620404720306,25.312,29.0,3.4649375,90.0,1.0,,,,,,
2026-07-02 19:44:32,2448.95454955101,25.25,29.0,3.427270833333334,90.0,1.0,,,,,,
2026-07-02 19:44:34,2450.777967453003,25.187,29.0,3.4299166666666667,90.0,1.0,,,,,,
2026-07-02 19:44:36,2452.6082186698914,25.187,29.0,3.4725,90.0,1.0,,,,,,
2026-07-02 19:44:38,2454.429500579834,25.187,29.0,3.4279375,90.0,1.0,,,,,,
2026-07-02 19:44:39,2456.218002796173,25.125,28.875,3.4313958333333336,90.0,1.0,,,,,,
2026-07-02 19:44:41,2458.0134558677673,25.125,28.875,3.4693125,90.0,1.0,,,,,,
2026-07-02 19:44:43,2459.8026094436646,25.062,28.75,3.471833333333334,90.0,1.0,,,,,,
2026-07-02 19:44:45,2461.6265573501587,25.062,28.75,3.4278750000000002,90.0,1.0,,,,,,
2026-07-02 19:44:47,2463.4179339408875,25.0,28.75,3.4277500000000005,90.0,1.0,,,,,,
2026-07-02 19:44:48,2465.20991396904,25.0,28.75,3.4755625000000006,90.0,1.0,,,,,,
2026-07-02 19:44:50,2467.0029911994934,25.0,28.75,3.7390000000000003,70.0,0.0,,,,,,
2026-07-02 19:44:52,2468.7944955825806,24.937,28.75,3.3801458333333336,70.0,0.0,,,,,,
2026-07-02 19:44:54,2470.585975408554,24.875,28.75,3.2543125,70.0,0.0,,,,,,
2026-07-02 19:44:56,2472.3780257701874,24.875,28.75,3.2412708333333335,70.0,0.0,,,,,,
2026-07-02 19:44:57,2474.173502922058,24.875,28.75,3.144,70.0,0.0,,,,,,
2026-07-02 19:44:59,2475.9619278907776,24.812,28.75,3.1144375,70.0,0.0,,,,,,
2026-07-02 19:45:01,2477.7538805007935,24.812,28.75,3.1428541666666674,70.0,0.0,,,,,,
2026-07-02 19:45:03,2479.555231809616,24.812,28.75,3.072708333333334,70.0,0.0,,,,,,
2026-07-02 19:45:04,2481.3698902130127,24.812,28.75,3.061666666666667,70.0,0.0,,,,,,
2026-07-02 19:45:06,2483.161958217621,24.812,28.875,3.079979166666667,70.0,0.0,,,,,,
2026-07-02 19:45:08,2484.9547839164734,24.812,28.875,3.036895833333334,70.0,0.0,,,,,,
2026-07-02 19:45:10,2486.745996952057,24.937,28.875,3.028979166666667,70.0,0.0,,,,,,
2026-07-02 19:45:12,2488.538016796112,25.0,28.875,3.067854166666667,70.0,0.0,,,,,,
2026-07-02 19:45:13,2490.3332028388977,25.062,28.75,3.0123958333333336,70.0,0.0,,,,,,
2026-07-02 19:45:15,2492.1219985485077,25.187,28.875,3.0039375,70.0,0.0,,,,,,
2026-07-02 19:45:17,2493.913929462433,25.312,28.75,3.0538125000000007,70.0,0.0,,,,,,
2026-07-02 19:45:19,2495.708371400833,25.375,28.75,3.040041666666667,70.0,0.0,,,,,,
2026-07-02 19:45:21,2497.4985160827637,25.562,28.75,2.987541666666667,70.0,0.0,,,,,,
2026-07-02 19:45:22,2499.2899429798126,25.687,28.75,2.9830625000000004,70.0,0.0,,,,,,
2026-07-02 19:45:24,2501.0819838047028,25.937,28.75,3.0266250000000006,70.0,0.0,,,,,,
2026-07-02 19:45:26,2502.8745703697205,26.062,28.875,2.9721250000000006,70.0,0.0,,,,,,
2026-07-02 19:45:28,2504.665988445282,26.25,28.875,2.9672500000000004,70.0,0.0,,,,,,
2026-07-02 19:45:30,2506.4629426002502,26.5,28.75,3.013458333333334,70.0,0.0,,,,,,
2026-07-02 19:45:31,2508.2825996875763,26.75,28.75,2.9560000000000004,70.0,0.0,,,,,,
2026-07-02 19:45:33,2510.0781738758087,26.937,28.75,2.9519375,70.0,0.0,,,,,,
2026-07-02 19:45:35,2511.897912502289,27.187,28.75,2.9998125,70.0,0.0,,,,,,
2026-07-02 19:45:37,2513.6906917095184,27.5,28.75,2.987354166666667,70.0,0.0,,,,,,
2026-07-02 19:45:39,2515.490522623062,27.75,28.875,2.9381041666666667,70.0,0.0,,,,,,
2026-07-02 19:45:40,2517.311411380768,28.0,28.75,2.935145833333334,70.0,0.0,,,,,,
2026-07-02 19:45:42,2519.1299698352814,28.312,29.0,2.9720625000000003,70.0,0.0,,,,,,
2026-07-02 19:45:44,2520.922810316086,28.562,28.75,2.972458333333334,70.0,0.0,,,,,,
2026-07-02 19:45:46,2522.7151107788086,28.812,28.75,2.9653541666666667,70.0,0.0,,,,,,
2026-07-02 19:45:48,2524.506599187851,29.125,28.75,2.9165,70.0,0.0,,,,,,
2026-07-02 19:45:49,2526.298013687134,29.437,28.75,2.9116458333333335,70.0,0.0,,,,,,
2026-07-02 19:45:51,2528.096182346344,29.687,28.75,2.9623125,70.0,0.0,,,,,,
2026-07-02 19:45:53,2529.914511203766,30.0,28.75,2.953104166666667,70.0,0.0,,,,,,
2026-07-02 19:45:55,2531.7066383361816,30.312,28.625,2.902479166666667,70.0,0.0,,,,,,
2026-07-02 19:45:57,2533.4997210502625,30.562,28.75,2.8993125000000006,70.0,0.0,,,,,,
2026-07-02 19:45:58,2535.289913415909,30.875,28.625,2.9261875,70.0,0.0,,,,,,
2026-07-02 19:46:00,2537.082481622696,31.187,28.75,2.891979166666667,70.0,0.0,,,,,,
2026-07-02 19:46:02,2538.873988389969,31.437,28.625,2.888104166666667,70.0,0.0,,,,,,
2026-07-02 19:46:04,2540.66597533226,31.812,28.625,2.928875,70.0,0.0,,,,,,
2026-07-02 19:46:06,2542.458590745926,32.062,28.75,2.8797500000000005,70.0,0.0,,,,,,
2026-07-02 19:46:07,2544.2499725818634,32.375,28.75,2.8775000000000004,70.0,0.0,,,,,,
2026-07-02 19:46:09,2546.0419929027557,32.625,28.625,2.923729166666667,70.0,0.0,,,,,,
2026-07-02 19:46:11,2547.834469795227,32.937,28.625,2.871416666666667,70.0,0.0,,,,,,
2026-07-02 19:46:13,2549.625919342041,33.25,28.75,2.8676458333333334,70.0,0.0,,,,,,
2026-07-02 19:46:15,2551.4179108142853,33.5,28.75,2.9064375000000005,70.0,0.0,,,,,,
2026-07-02 19:46:16,2553.2105243206024,33.812,28.625,2.861416666666667,70.0,0.0,,,,,,
2026-07-02 19:46:18,2555.001995563507,34.062,28.625,2.8582083333333337,70.0,0.0,,,,,,
2026-07-02 19:46:20,2556.794150829315,34.375,28.625,2.903208333333334,70.0,0.0,,,,,,
2026-07-02 19:46:22,2558.587307214737,34.625,28.625,2.852979166666667,70.0,0.0,,,,,,
2026-07-02 19:46:24,2560.3838160037994,34.937,28.5,2.8500833333333335,70.0,0.0,,,,,,
2026-07-02 19:46:25,2562.2022342681885,35.187,28.5,2.8956875,70.0,0.0,,,,,,
2026-07-02 19:46:27,2563.9945929050446,35.5,28.5,2.8443125000000005,70.0,0.0,,,,,,
2026-07-02 19:46:29,2565.7859086990356,35.75,28.5,2.8419791666666674,70.0,0.0,,,,,,
2026-07-02 19:46:31,2567.5779185295105,36.062,28.5,2.8688333333333333,70.0,0.0,,,,,,
2026-07-02 19:46:32,2569.3705101013184,36.312,28.5,2.8340833333333335,70.0,0.0,,,,,,
2026-07-02 19:46:34,2571.161984205246,36.562,28.375,2.8311875,70.0,0.0,,,,,,
2026-07-02 19:46:36,2572.953941822052,36.875,28.375,2.8710000000000004,70.0,0.0,,,,,,
2026-07-02 19:46:38,2574.7466790676117,37.125,28.5,2.868854166666667,70.0,0.0,,,,,,
2026-07-02 19:46:40,2576.538647890091,37.375,28.375,2.8208125,70.0,0.0,,,,,,
2026-07-02 19:46:41,2578.3340241909027,37.625,28.375,2.818895833333334,70.0,0.0,,,,,,
2026-07-02 19:46:43,2580.1540021896362,37.875,28.375,2.8630000000000004,70.0,0.0,,,,,,
2026-07-02 19:46:45,2581.950573205948,38.125,28.375,2.8563958333333335,70.0,0.0,,,,,,
2026-07-02 19:46:47,2583.7706134319305,38.375,28.375,2.8569375000000004,70.0,0.0,,,,,,
2026-07-02 19:46:49,2585.562524318695,38.625,28.375,2.8484791666666673,70.0,0.0,,,,,,
2026-07-02 19:46:50,2587.3545265197754,38.875,28.375,2.8011041666666667,70.0,0.0,,,,,,
2026-07-02 19:46:52,2589.1459305286407,39.125,28.25,2.7995416666666673,70.0,0.0,,,,,,
2026-07-02 19:46:54,2590.9379332065582,39.375,28.25,2.8411250000000003,70.0,0.0,,,,,,
2026-07-02 19:46:56,2592.7306485176086,39.687,28.25,2.7938750000000003,70.0,0.0,,,,,,
2026-07-02 19:46:58,2594.522013425827,39.937,28.25,2.792729166666667,70.0,0.0,,,,,,
2026-07-02 19:46:59,2596.314190387726,40.125,28.25,2.811791666666667,70.0,0.0,,,,,,
2026-07-02 19:47:01,2598.1113007068634,40.437,28.125,2.7879791666666667,70.0,0.0,,,,,,
2026-07-02 19:47:03,2599.929996728897,40.625,28.125,2.7850000000000006,70.0,0.0,,,,,,
2026-07-02 19:47:05,2601.722102880478,40.812,28.125,2.8178541666666668,70.0,0.0,,,,,,
2026-07-02 19:47:07,2603.550163269043,41.062,28.125,2.8262708333333335,70.0,0.0,,,,,,
2026-07-02 19:47:08,2605.3706924915314,41.312,28.125,2.8213958333333338,70.0,0.0,,,,,,
2026-07-02 19:47:10,2607.162538766861,41.562,28.0,2.7729375000000003,70.0,0.0,,,,,,
2026-07-02 19:47:12,2608.9539704322815,41.812,28.0,2.7731458333333334,70.0,0.0,,,,,,
2026-07-02 19:47:14,2610.7459597587585,42.0,28.0,2.8176250000000005,70.0,0.0,,,,,,
2026-07-02 19:47:16,2612.542570590973,42.25,28.0,2.7664375000000003,70.0,0.0,,,,,,
2026-07-02 19:47:17,2614.3654968738556,42.437,27.875,2.7655208333333334,70.0,0.0,,,,,,
2026-07-02 19:47:19,2616.1539747714996,42.687,27.875,2.8041250000000004,70.0,0.0,,,,,,
2026-07-02 19:47:21,2617.950567007065,42.875,27.875,2.7590833333333338,70.0,0.0,,,,,,
2026-07-02 19:47:23,2619.7699315547943,43.125,27.875,2.7573125000000003,70.0,0.0,,,,,,
2026-07-02 19:47:25,2621.561914205551,43.312,27.875,2.790916666666667,70.0,0.0,,,,,,
2026-07-02 19:47:26,2623.354530096054,43.5,27.75,2.7515625000000004,70.0,0.0,,,,,,
2026-07-02 19:47:28,2625.151880264282,43.75,27.75,2.752791666666667,70.0,0.0,,,,,,
2026-07-02 19:47:30,2626.969966650009,44.0,27.75,2.7937083333333335,70.0,0.0,,,,,,
2026-07-02 19:47:32,2628.7625694274902,44.187,27.75,2.7483125000000004,70.0,0.0,,,,,,
2026-07-02 19:47:34,2630.5597035884857,44.375,27.75,2.7443750000000002,70.0,0.0,,,,,,
2026-07-02 19:47:36,2632.3859856128693,44.625,27.75,2.7895833333333337,70.0,0.0,,,,,,
2026-07-02 19:47:37,2634.2025969028473,44.812,27.75,2.7780000000000005,70.0,0.0,,,,,,
2026-07-02 19:47:39,2635.9946348667145,45.062,27.625,2.780729166666667,70.0,0.0,,,,,,
2026-07-02 19:47:41,2637.79057264328,45.25,27.625,2.7334583333333335,70.0,0.0,,,,,,
2026-07-02 19:47:43,2639.6101059913635,45.5,27.5,2.7307500000000005,70.0,0.0,,,,,,
2026-07-02 19:47:45,2641.4021162986755,45.687,27.5,2.777416666666667,70.0,0.0,,,,,,
2026-07-02 19:47:46,2643.1945147514343,45.875,27.5,2.7728333333333337,70.0,0.0,,,,,,
2026-07-02 19:47:48,2644.9865543842316,46.062,27.5,2.724583333333334,70.0,0.0,,,,,,
2026-07-02 19:47:50,2646.784227371216,46.312,27.5,2.7248750000000004,70.0,0.0,,,,,,
2026-07-02 19:47:52,2648.601964235306,46.5,27.5,2.7610833333333336,70.0,0.0,,,,,,
2026-07-02 19:47:54,2650.394871711731,46.687,27.5,2.718729166666667,70.0,0.0,,,,,,
2026-07-02 19:47:55,2652.1893541812897,46.875,27.5,2.71675,70.0,0.0,,,,,,
2026-07-02 19:47:57,2653.9779858589172,47.062,27.5,2.7610625000000004,70.0,0.0,,,,,,
2026-07-02 19:47:59,2655.7704973220825,47.187,27.375,2.7147291666666673,70.0,0.0,,,,,,
2026-07-02 19:48:01,2657.564999103546,47.437,27.375,2.7117291666666667,70.0,0.0,,,,,,
2026-07-02 19:48:02,2659.353960752487,47.625,27.375,2.7364375,70.0,0.0,,,,,,
2026-07-02 19:48:04,2661.146484851837,47.812,27.25,2.707583333333334,70.0,0.0,,,,,,
2026-07-02 19:48:06,2662.937996864319,48.0,27.375,2.7066875000000006,70.0,0.0,,,,,,
2026-07-02 19:48:08,2664.729947090149,48.187,27.25,2.7395416666666668,70.0,0.0,,,,,,
2026-07-02 19:48:10,2666.5226035118103,48.312,27.25,2.746125,70.0,0.0,,,,,,
2026-07-02 19:48:11,2668.315995693207,48.5,27.25,2.7407291666666667,70.0,0.0,,,,,,
2026-07-02 19:48:13,2670.1067917346954,48.625,27.25,2.7362708333333337,70.0,0.0,,,,,,
2026-07-02 19:48:15,2671.8987629413605,48.812,27.25,2.6938750000000002,70.0,0.0,,,,,,
2026-07-02 19:48:17,2673.6899259090424,49.0,27.125,2.6921041666666667,70.0,0.0,,,,,,
2026-07-02 19:48:19,2675.4819207191467,49.187,27.125,2.7281250000000004,70.0,0.0,,,,,,
2026-07-02 19:48:20,2677.2762274742126,49.375,27.125,2.6875208333333336,70.0,0.0,,,,,,
2026-07-02 19:48:22,2679.065983057022,49.5,27.125,2.6871250000000004,70.0,0.0,,,,,,
2026-07-02 19:48:24,2680.857970237732,49.687,27.125,2.7329375000000002,70.0,0.0,,,,,,
2026-07-02 19:48:26,2682.6506094932556,49.875,27.0,2.683979166666667,70.0,0.0,,,,,,
2026-07-02 19:48:28,2684.4460711479187,50.0,27.0,2.681354166666667,70.0,0.0,,,,,,
2026-07-02 19:48:29,2686.2662501335144,50.125,27.0,0.9081666666666668,20.0,0.0,,,,,,
2026-07-02 19:48:31,2688.0585613250732,50.312,26.875,0.8951041666666668,20.0,0.0,,,,,,
2026-07-02 19:48:33,2689.849937438965,50.437,26.875,0.9114583333333335,20.0,0.0,,,,,,
2026-07-02 19:48:35,2691.6420090198517,50.625,26.875,0.9486458333333334,20.0,0.0,,,,,,
2026-07-02 19:48:37,2693.4346084594727,50.75,26.875,0.9806041666666668,20.0,0.0,,,,,,
2026-07-02 19:48:38,2695.2266290187836,50.937,26.875,0.9383125000000001,20.0,0.0,,,,,,
2026-07-02 19:48:40,2697.017985343933,51.062,26.75,0.9355625000000001,20.0,0.0,,,,,,
2026-07-02 19:48:42,2698.8099479675293,51.187,26.75,0.9918125000000001,20.0,0.0,,,,,,
2026-07-02 19:48:44,2700.6026136875153,51.312,26.75,0.9395208333333335,20.0,0.0,,,,,,
2026-07-02 19:48:46,2702.3939492702484,51.437,26.75,0.9419166666666667,20.0,0.0,,,,,,
2026-07-02 19:48:47,2704.1859183311462,51.562,26.625,0.9768958333333335,20.0,0.0,,,,,,
2026-07-02 19:48:49,2705.9785854816437,51.687,26.625,0.9494166666666667,20.0,0.0,,,,,,
2026-07-02 19:48:51,2707.7701127529144,51.812,26.625,0.9465625000000001,20.0,0.0,,,,,,
2026-07-02 19:48:53,2709.561998128891,51.937,26.625,0.9952708333333334,20.0,0.0,,,,,,
2026-07-02 19:48:54,2711.3561537265778,52.0,26.625,1.0002916666666668,20.0,0.0,,,,,,
2026-07-02 19:48:56,2713.1466267108917,52.125,26.625,0.9940625000000001,20.0,0.0,,,,,,
2026-07-02 19:48:58,2714.93856549263,52.125,26.625,0.9487500000000001,20.0,0.0,,,,,,
2026-07-02 19:49:00,2716.730001449585,52.187,26.625,0.9466666666666668,20.0,0.0,,,,,,
2026-07-02 19:49:02,2718.5219922065735,52.25,26.5,0.9918541666666667,20.0,0.0,,,,,,
2026-07-02 19:49:03,2720.3145196437836,52.312,26.5,0.9485000000000001,20.0,0.0,,,,,,
2026-07-02 19:49:05,2722.109178543091,52.312,26.5,0.9498333333333334,20.0,0.0,,,,,,
2026-07-02 19:49:07,2723.8979258537292,52.375,26.5,1.0067916666666668,20.0,0.0,,,,,,
2026-07-02 19:49:09,2725.6905381679535,52.375,26.5,0.9499375000000001,20.0,0.0,,,,,,
2026-07-02 19:49:11,2727.485379934311,52.375,26.5,0.9503125000000001,20.0,0.0,,,,,,
2026-07-02 19:49:12,2729.273985385895,52.375,26.5,1.0074166666666668,20.0,0.0,,,,,,
2026-07-02 19:49:14,2731.0985124111176,52.375,26.5,0.9497291666666668,20.0,0.0,,,,,,
2026-07-02 19:49:16,2732.8899812698364,52.375,26.375,0.9516458333333334,20.0,0.0,,,,,,
2026-07-02 19:49:18,2734.682024240494,52.375,26.5,0.9853125000000001,20.0,0.0,,,,,,
2026-07-02 19:49:20,2736.478603363037,52.312,26.5,0.9518958333333335,20.0,0.0,,,,,,
2026-07-02 19:49:21,2738.303566455841,52.312,26.5,0.9510625000000001,20.0,0.0,,,,,,
2026-07-02 19:49:23,2740.121912717819,52.312,26.5,0.9993333333333335,20.0,0.0,,,,,,
2026-07-02 19:49:25,2741.9144949913025,52.312,26.5,0.9523125000000001,20.0,0.0,,,,,,
2026-07-02 19:49:27,2743.7059881687164,52.312,26.5,0.9524583333333334,20.0,0.0,,,,,,
2026-07-02 19:49:29,2745.49800491333,52.312,26.5,1.0088750000000002,20.0,0.0,,,,,,
2026-07-02 19:49:30,2747.3225548267365,52.25,26.5,0.9530833333333335,20.0,0.0,,,,,,
2026-07-02 19:49:32,2749.115629673004,52.25,26.5,0.9538541666666668,20.0,0.0,,,,,,
2026-07-02 19:49:34,2750.905965566635,52.187,26.5,1.0098958333333334,20.0,0.0,,,,,,
2026-07-02 19:49:36,2752.6985609531403,52.187,26.5,0.9567916666666668,20.0,0.0,,,,,,
2026-07-02 19:49:38,2754.4934895038605,52.187,26.5,0.9563125000000001,20.0,0.0,,,,,,
2026-07-02 19:49:39,2756.3139107227325,52.125,26.5,0.9923333333333334,20.0,0.0,,,,,,
2026-07-02 19:49:41,2758.1063697338104,52.062,26.5,0.9551875000000002,20.0,0.0,,,,,,
2026-07-02 19:49:43,2759.897924423218,52.062,26.5,0.9552083333333334,20.0,0.0,,,,,,
2026-07-02 19:49:45,2761.689947128296,52.062,26.5,1.005875,20.0,0.0,,,,,,
2026-07-02 19:49:47,2763.4825961589813,52.0,26.5,0.9552916666666669,20.0,0.0,,,,,,
2026-07-02 19:49:48,2765.279720067978,52.0,26.5,0.9563541666666667,20.0,0.0,,,,,,
2026-07-02 19:49:50,2767.0979850292206,51.937,26.5,1.0091666666666668,20.0,0.0,,,,,,
2026-07-02 19:49:52,2768.890570640564,51.875,26.5,0.9595208333333335,20.0,0.0,,,,,,
2026-07-02 19:49:54,2770.68749833107,51.812,26.5,0.9557291666666669,20.0,0.0,,,,,,
2026-07-02 19:49:56,2772.5059695243835,51.75,26.375,0.9865416666666668,20.0,0.0,,,,,,
2026-07-02 19:49:57,2774.2985274791718,51.687,26.375,0.9557708333333333,20.0,0.0,,,,,,
2026-07-02 19:49:59,2776.09756731987,51.625,26.375,0.9572916666666668,20.0,0.0,,,,,,
2026-07-02 19:50:01,2777.913886785507,51.562,26.375,0.9999375000000001,20.0,0.0,,,,,,
2026-07-02 19:50:03,2779.7071290016174,51.562,26.375,0.9572083333333334,20.0,0.0,,,,,,
2026-07-02 19:50:05,2781.49804520607,51.562,26.375,0.9563125000000001,20.0,0.0,,,,,,
2026-07-02 19:50:06,2783.3221623897552,51.5,26.375,1.0092291666666668,20.0,0.0,,,,,,
2026-07-02 19:50:08,2785.114557981491,51.5,26.375,0.957875,20.0,0.0,,,,,,
2026-07-02 19:50:10,2786.9059779644012,51.437,26.375,0.9585833333333335,20.0,0.0,,,,,,
2026-07-02 19:50:12,2788.6979801654816,51.437,26.375,1.0097291666666668,20.0,0.0,,,,,,
2026-07-02 19:50:14,2790.494617462158,51.375,26.25,0.9587916666666667,20.0,0.0,,,,,,
2026-07-02 19:50:15,2792.315060377121,51.312,26.25,0.9583541666666667,20.0,0.0,,,,,,
2026-07-02 19:50:17,2794.105922460556,51.312,26.25,0.9922291666666667,20.0,0.0,,,,,,
2026-07-02 19:50:19,2795.898483991623,51.25,26.25,0.9586458333333335,20.0,0.0,,,,,,
2026-07-02 19:50:21,2797.6899366378784,51.187,26.25,0.9592708333333334,20.0,0.0,,,,,,
2026-07-02 19:50:23,2799.482010126114,51.125,26.25,1.0084166666666667,20.0,0.0,,,,,,
2026-07-02 19:50:24,2801.2745938301086,51.125,26.375,1.0119583333333335,20.0,0.0,,,,,,
2026-07-02 19:50:26,2803.098618745804,51.062,26.25,0.9589583333333335,20.0,0.0,,,,,,
2026-07-02 19:50:28,2804.8899784088135,51.062,26.25,0.9603750000000002,20.0,0.0,,,,,,
2026-07-02 19:50:30,2806.6819927692413,51.0,26.25,1.0153750000000001,20.0,0.0,,,,,,
2026-07-02 19:50:32,2808.475543498993,51.0,26.25,1.0136666666666667,20.0,0.0,,,,,,
2026-07-02 19:50:33,2810.2984948158264,50.937,26.25,0.9601875000000001,20.0,0.0,,,,,,
2026-07-02 19:50:35,2812.0899307727814,50.937,26.25,0.9625625000000001,20.0,0.0,,,,,,
2026-07-02 19:50:37,2813.8819332122803,50.875,26.25,0.9920416666666668,20.0,0.0,,,,,,
2026-07-02 19:50:39,2815.6744890213013,50.812,26.375,0.9610208333333334,20.0,0.0,,,,,,
2026-07-02 19:50:41,2817.4660058021545,50.75,26.25,0.9644583333333334,20.0,0.0,,,,,,
2026-07-02 19:50:42,2819.2580597400665,50.75,26.25,1.017125,20.0,0.0,,,,,,
2026-07-02 19:50:44,2821.050613641739,50.687,26.375,0.9614375000000001,20.0,0.0,,,,,,
2026-07-02 19:50:46,2822.8459796905518,50.625,26.25,0.9646250000000002,20.0,0.0,,,,,,
2026-07-02 19:50:48,2824.6686973571777,50.625,26.25,1.0175,20.0,0.0,,,,,,
2026-07-02 19:50:50,2826.45858836174,50.625,26.25,0.9686250000000001,20.0,0.0,,,,,,
2026-07-02 19:50:51,2828.2499437332153,50.562,26.25,0.9627916666666668,20.0,0.0,,,,,,
2026-07-02 19:50:53,2830.0466141700745,50.562,26.25,1.0084166666666667,20.0,0.0,,,,,,
2026-07-02 19:50:55,2831.87051320076,50.5,26.25,0.9863541666666668,20.0,0.0,,,,,,
2026-07-02 19:50:57,2833.6899452209473,50.437,26.25,0.9631458333333335,20.0,0.0,,,,,,
2026-07-02 19:50:59,2835.4845974445343,50.375,26.25,1.0164166666666667,20.0,0.0,,,,,,
2026-07-02 19:51:00,2837.274569749832,50.375,26.25,0.9618541666666668,20.0,0.0,,,,,,
2026-07-02 19:51:02,2839.0659840106964,50.312,26.25,0.9632083333333334,20.0,0.0,,,,,,
2026-07-02 19:51:04,2840.8579902648926,50.312,26.25,1.0176041666666669,20.0,0.0,,,,,,
2026-07-02 19:51:06,2842.6546034812927,50.25,26.25,0.9623958333333335,20.0,0.0,,,,,,
2026-07-02 19:51:08,2844.474004507065,50.25,26.125,0.9637500000000001,20.0,0.0,,,,,,
2026-07-02 19:51:09,2846.26859998703,50.187,26.125,1.0009375,20.0,0.0,,,,,,
2026-07-02 19:51:11,2848.0584642887115,50.187,26.25,0.9637916666666667,20.0,0.0,,,,,,
2026-07-02 19:51:13,2849.8499257564545,50.125,26.125,0.9641041666666668,20.0,0.0,,,,,,
2026-07-02 19:51:15,2851.6419427394867,50.125,26.25,1.0143750000000002,20.0,0.0,,,,,,
2026-07-02 19:51:17,2853.4386019706726,50.062,26.25,0.9646875,20.0,0.0,,,,,,
2026-07-02 19:51:18,2855.25798368454,50.062,26.125,0.9648125000000001,20.0,0.0,,,,,,
2026-07-02 19:51:20,2857.0500228405,50.0,26.125,1.0187708333333334,20.0,0.0,,,,,,
2026-07-02 19:51:22,2858.842572450638,49.937,26.125,0.9657708333333335,20.0,0.0,,,,,,
2026-07-02 19:51:24,2860.6340022087097,49.937,26.125,0.9642916666666668,20.0,0.0,,,,,,
2026-07-02 19:51:26,2862.431588411331,49.875,26.25,1.0155625000000001,20.0,0.0,,,,,,
2026-07-02 19:51:27,2864.2504863739014,49.812,26.125,0.9649166666666668,20.0,0.0,,,,,,
2026-07-02 19:51:29,2866.0418927669525,49.75,26.125,0.9659583333333334,20.0,0.0,,,,,,
2026-07-02 19:51:31,2867.835174560547,49.687,26.25,1.0081666666666667,20.0,0.0,,,,,,
2026-07-02 19:51:33,2869.626518726349,49.687,26.25,0.9685208333333334,20.0,0.0,,,,,,
2026-07-02 19:51:35,2871.417971611023,49.625,26.25,0.9652916666666668,20.0,0.0,,,,,,
2026-07-02 19:51:36,2873.213377714157,49.625,26.25,1.0129583333333334,20.0,0.0,,,,,,
2026-07-02 19:51:38,2875.0025906562805,49.625,26.25,1.0225416666666667,20.0,0.0,,,,,,
2026-07-02 19:51:40,2876.7946021556854,49.562,26.25,1.0219583333333335,20.0,0.0,,,,,,
2026-07-02 19:51:42,2878.6218173503876,49.5,26.25,0.9662708333333335,20.0,0.0,,,,,,
2026-07-02 19:51:44,2880.4422268867493,49.437,26.25,0.9662708333333335,20.0,0.0,,,,,,
2026-07-02 19:51:45,2882.233910560608,49.375,26.25,1.0202083333333334,20.0,0.0,,,,,,
2026-07-02 19:51:47,2884.0337290763855,49.312,26.25,0.9672291666666667,20.0,0.0,,,,,,
2026-07-02 19:51:49,2885.849957704544,49.312,26.25,0.9685625000000001,20.0,0.0,,,,,,
2026-07-02 19:51:51,2887.641984939575,49.25,26.25,1.0048958333333335,20.0,0.0,,,,,,
2026-07-02 19:51:53,2889.4666645526886,49.187,26.25,0.9670625000000002,20.0,0.0,,,,,,
2026-07-02 19:51:54,2891.2579884529114,49.187,26.375,0.9689583333333334,20.0,0.0,,,,,,
2026-07-02 19:51:56,2893.049966812134,49.125,26.25,1.0199375000000002,20.0,0.0,,,,,,
2026-07-02 19:51:58,2894.846570253372,49.062,26.25,0.9708750000000002,20.0,0.0,,,,,,
2026-07-02 19:52:00,2896.6659576892853,49.062,26.25,0.9685416666666667,20.0,0.0,,,,,,
2026-07-02 19:52:02,2898.45800280571,49.0,26.375,1.0228958333333336,20.0,0.0,,,,,,
2026-07-02 19:52:03,2900.2556557655334,48.937,26.375,0.9706250000000001,20.0,0.0,,,,,,
2026-07-02 19:52:05,2902.0741062164307,48.937,26.375,0.9721875000000002,20.0,0.0,,,,,,
2026-07-02 19:52:07,2903.866117954254,48.875,26.25,1.0247708333333334,20.0,0.0,,,,,,
2026-07-02 19:52:09,2905.6625390052795,48.875,26.375,0.9683125000000001,20.0,0.0,,,,,,
2026-07-02 19:52:11,2907.4819865226746,48.875,26.375,0.9695000000000001,20.0,0.0,,,,,,
2026-07-02 19:52:12,2909.2740290164948,48.875,26.25,1.0109791666666668,20.0,0.0,,,,,,
2026-07-02 19:52:14,2911.0665900707245,48.812,26.375,0.9693750000000001,20.0,0.0,,,,,,
2026-07-02 19:52:16,2912.8579981327057,48.812,26.375,0.9684791666666668,20.0,0.0,,,,,,
2026-07-02 19:52:18,2914.6500222682953,48.75,26.375,1.002625,20.0,0.0,,,,,,
2026-07-02 19:52:20,2916.4503531455994,48.75,26.375,0.9690625000000002,20.0,0.0,,,,,,
2026-07-02 19:52:21,2918.2659406661987,48.75,26.375,0.9696458333333334,20.0,0.0,,,,,,
2026-07-02 19:52:23,2920.0578892230988,48.687,26.375,1.0135416666666668,20.0,0.0,,,,,,
2026-07-02 19:52:25,2921.8505420684814,48.687,26.375,0.9689791666666667,20.0,0.0,,,,,,
2026-07-02 19:52:27,2923.6419558525085,48.625,26.375,0.9709791666666668,20.0,0.0,,,,,,
2026-07-02 19:52:29,2925.434362411499,48.625,26.25,1.0006041666666667,20.0,0.0,,,,,,
2026-07-02 19:52:30,2927.2266521453857,48.625,26.25,1.0177916666666669,20.0,0.0,,,,,,
2026-07-02 19:52:32,2929.018575191498,48.562,26.25,1.0227083333333336,20.0,0.0,,,,,,
2026-07-02 19:52:34,2930.8146634101868,48.562,26.25,0.9722500000000002,20.0,0.0,,,,,,
2026-07-02 19:52:36,2932.6369621753693,48.562,26.25,0.9714375000000001,20.0,0.0,,,,,,
2026-07-02 19:52:38,2934.425975561142,48.5,26.25,1.0243541666666667,20.0,0.0,,,,,,
2026-07-02 19:52:39,2936.2186567783356,48.5,26.25,0.9700625000000002,20.0,0.0,,,,,,
2026-07-02 19:52:41,2938.0126061439514,48.5,26.25,0.9706875,20.0,0.0,,,,,,
2026-07-02 19:52:43,2939.8018996715546,48.437,26.25,1.0084791666666668,20.0,0.0,,,,,,
2026-07-02 19:52:45,2941.5945188999176,48.437,26.25,0.9702083333333335,20.0,0.0,,,,,,
2026-07-02 19:52:47,2943.3886892795563,48.375,26.25,0.9699166666666668,20.0,0.0,,,,,,
2026-07-02 19:52:48,2945.177991628647,48.375,26.25,1.0241458333333335,20.0,0.0,,,,,,
2026-07-02 19:52:50,2946.973562479019,48.375,26.25,0.9706041666666667,20.0,0.0,,,,,,
2026-07-02 19:52:52,2948.7620012760162,48.312,26.25,0.9710625,20.0,0.0,,,,,,
2026-07-02 19:52:54,2950.553966283798,48.312,26.25,1.0187291666666667,20.0,0.0,,,,,,
2026-07-02 19:52:56,2952.350935935974,48.312,26.25,3.5038750000000003,70.0,1.0,,,,,,
2026-07-02 19:52:57,2954.1760029792786,48.25,26.25,3.300333333333334,70.0,1.0,,,,,,
2026-07-02 19:52:59,2955.993907213211,48.25,26.25,3.2426875000000006,70.0,1.0,,,,,,
2026-07-02 19:53:01,2957.7859032154083,48.187,26.25,3.2438125,70.0,1.0,,,,,,
2026-07-02 19:53:03,2959.5786962509155,48.187,26.25,3.1894375000000004,70.0,1.0,,,,,,
2026-07-02 19:53:04,2961.3699979782104,48.187,26.25,3.1713750000000003,70.0,1.0,,,,,,
2026-07-02 19:53:06,2963.1620066165924,48.125,26.25,3.1953125000000004,70.0,1.0,,,,,,
2026-07-02 19:53:08,2964.9561347961426,48.062,26.25,3.191666666666667,70.0,1.0,,,,,,
2026-07-02 19:53:10,2966.7468054294586,48.0,26.25,3.1816458333333335,70.0,1.0,,,,,,
2026-07-02 19:53:12,2968.5386486053467,48.0,26.25,3.1185625000000003,70.0,1.0,,,,,,
2026-07-02 19:53:13,2970.3330478668213,47.875,26.375,3.110791666666667,70.0,1.0,,,,,,
2026-07-02 19:53:15,2972.1219024658203,47.812,26.25,3.142083333333334,70.0,1.0,,,,,,
2026-07-02 19:53:17,2973.9144897460938,47.75,26.375,3.0930625000000003,70.0,1.0,,,,,,
2026-07-02 19:53:19,2975.7099838256836,47.687,26.375,3.0847500000000005,70.0,1.0,,,,,,
2026-07-02 19:53:21,2977.529993534088,47.625,26.375,3.1281250000000003,70.0,1.0,,,,,,
2026-07-02 19:53:22,2979.322606086731,47.562,26.375,3.0661250000000004,70.0,1.0,,,,,,
2026-07-02 19:53:24,2981.115202188492,47.5,26.375,3.0602083333333336,70.0,1.0,,,,,,
2026-07-02 19:53:26,2982.9059674739838,47.375,26.375,3.104979166666667,70.0,1.0,,,,,,
2026-07-02 19:53:28,2984.698498725891,47.312,26.375,3.0455,70.0,1.0,,,,,,
2026-07-02 19:53:30,2986.490075826645,47.187,26.375,3.0379166666666673,70.0,1.0,,,,,,
2026-07-02 19:53:31,2988.2819476127625,47.062,26.375,3.0593958333333338,70.0,1.0,,,,,,
2026-07-02 19:53:33,2990.0744750499725,47.0,26.5,3.0283125000000006,70.0,1.0,,,,,,
2026-07-02 19:53:35,2991.865932703018,46.875,26.375,3.0227500000000007,70.0,1.0,,,,,,
2026-07-02 19:53:37,2993.6579310894012,46.75,26.375,3.058604166666667,70.0,1.0,,,,,,
2026-07-02 19:53:39,2995.45103263855,46.625,26.5,3.0615625000000004,70.0,1.0,,,,,,
2026-07-02 19:53:40,2997.2746613025665,46.5,26.375,3.0519583333333338,70.0,1.0,,,,,,
2026-07-02 19:53:42,2999.0666365623474,46.375,26.5,3.047229166666667,70.0,1.0,,,,,,
2026-07-02 19:53:44,3000.8585987091064,46.25,26.375,2.9978750000000005,70.0,1.0,,,,,,
2026-07-02 19:53:46,3002.649996995926,46.062,26.375,2.990958333333334,70.0,1.0,,,,,,
2026-07-02 19:53:48,3004.441955804825,45.937,26.375,3.025833333333334,70.0,1.0,,,,,,
2026-07-02 19:53:49,3006.238525867462,45.812,26.5,2.9853541666666668,70.0,1.0,,,,,,
2026-07-02 19:53:51,3008.057924747467,45.687,26.375,2.9808333333333334,70.0,1.0,,,,,,
2026-07-02 19:53:53,3009.8499031066895,45.562,26.375,3.025416666666667,70.0,1.0,,,,,,
2026-07-02 19:53:55,3011.6426939964294,45.437,26.5,2.9742916666666672,70.0,1.0,,,,,,
2026-07-02 19:53:57,3013.434014558792,45.312,26.5,2.9687708333333336,70.0,1.0,,,,,,
2026-07-02 19:53:58,3015.22593832016,45.125,26.5,3.0144791666666673,70.0,1.0,,,,,,
2026-07-02 19:54:00,3017.026624441147,45.0,26.375,2.9620625000000005,70.0,1.0,,,,,,
2026-07-02 19:54:02,3018.8429992198944,44.875,26.375,2.9599583333333337,70.0,1.0,,,,,,
2026-07-02 19:54:04,3020.6340045928955,44.75,26.375,2.988833333333334,70.0,1.0,,,,,,
2026-07-02 19:54:06,3022.426456451416,44.625,26.375,2.957479166666667,70.0,1.0,,,,,,
2026-07-02 19:54:07,3024.2189753055573,44.5,26.375,2.9526250000000003,70.0,1.0,,,,,,
2026-07-02 19:54:09,3026.0101203918457,44.312,26.375,2.9953125000000003,70.0,1.0,,,,,,
2026-07-02 19:54:11,3027.8066036701202,44.187,26.375,2.947625,70.0,1.0,,,,,,
2026-07-02 19:54:13,3029.62957572937,44.0,26.25,2.9455625000000003,70.0,1.0,,,,,,
2026-07-02 19:54:15,3031.4181332588196,43.875,26.25,2.9940208333333334,70.0,1.0,,,,,,
2026-07-02 19:54:16,3033.210546016693,43.687,26.375,2.9411875000000003,70.0,1.0,,,,,,
2026-07-02 19:54:18,3035.004661798477,43.562,26.375,2.939895833333334,70.0,1.0,,,,,,
2026-07-02 19:54:20,3036.7939517498016,43.437,26.25,2.960958333333334,70.0,1.0,,,,,,
2026-07-02 19:54:22,3038.5866639614105,43.312,26.375,2.981979166666667,70.0,1.0,,,,,,
2026-07-02 19:54:24,3040.382851600647,43.187,26.375,2.978604166666667,70.0,1.0,,,,,,
2026-07-02 19:54:25,3042.202739238739,43.062,26.375,2.9769166666666673,70.0,1.0,,,,,,
2026-07-02 19:54:27,3043.9947378635406,42.937,26.375,2.9712916666666667,70.0,1.0,,,,,,
2026-07-02 19:54:29,3045.790769100189,42.812,26.375,2.9248750000000006,70.0,1.0,,,,,,
2026-07-02 19:54:31,3047.610088825226,42.687,26.375,2.927479166666667,70.0,1.0,,,,,,
2026-07-02 19:54:33,3049.4020018577576,42.5,26.375,2.9704791666666672,70.0,1.0,,,,,,
2026-07-02 19:54:34,3051.1978237628937,42.375,26.25,2.969666666666667,70.0,1.0,,,,,,
2026-07-02 19:54:36,3053.018562555313,42.25,26.375,2.9640833333333334,70.0,1.0,,,,,,
2026-07-02 19:54:38,3054.8108987808228,42.125,26.375,2.922104166666667,70.0,1.0,,,,,,
2026-07-02 19:54:40,3056.605739593506,42.0,26.375,2.918041666666667,70.0,1.0,,,,,,
2026-07-02 19:54:42,3058.425957918167,41.875,26.375,2.960125,70.0,1.0,,,,,,
2026-07-02 19:54:43,3060.2185027599335,41.75,26.375,2.9621041666666668,70.0,1.0,,,,,,
2026-07-02 19:54:45,3062.0136313438416,41.625,26.375,2.960958333333334,70.0,1.0,,,,,,
2026-07-02 19:54:47,3063.8025364875793,41.5,26.25,2.915208333333334,70.0,1.0,,,,,,
2026-07-02 19:54:49,3065.5939383506775,41.375,26.25,2.914604166666667,70.0,1.0,,,,,,
2026-07-02 19:54:51,3067.386026620865,41.312,26.375,2.9624791666666668,70.0,1.0,,,,,,
2026-07-02 19:54:52,3069.178560256958,41.187,26.375,2.911666666666667,70.0,1.0,,,,,,
2026-07-02 19:54:54,3070.9739785194397,41.062,26.375,2.9131875000000003,70.0,1.0,,,,,,
2026-07-02 19:54:56,3072.7939808368683,40.937,26.25,2.9616666666666673,70.0,1.0,,,,,,
2026-07-02 19:54:58,3074.5866186618805,40.812,26.25,2.9082916666666674,70.0,1.0,,,,,,
2026-07-02 19:55:00,3076.3780241012573,40.75,26.375,2.907708333333334,70.0,1.0,,,,,,
2026-07-02 19:55:01,3078.175353050232,40.625,26.375,2.942354166666667,70.0,1.0,,,,,,
2026-07-02 19:55:03,3079.9947888851166,40.5,26.25,2.537479166666667,50.0,0.0,,,,,,
2026-07-02 19:55:05,3081.7859864234924,40.437,26.375,2.3825000000000003,50.0,0.0,,,,,,
2026-07-02 19:55:07,3083.5837483406067,40.312,26.25,2.3710000000000004,50.0,0.0,,,,,,
2026-07-02 19:55:09,3085.402629137039,40.187,26.375,2.281229166666667,50.0,0.0,,,,,,
2026-07-02 19:55:10,3087.2259809970856,40.062,26.375,2.2589375000000005,50.0,0.0,,,,,,
2026-07-02 19:55:12,3089.0179567337036,40.0,26.375,2.295083333333334,50.0,0.0,,,,,,
2026-07-02 19:55:14,3090.814647912979,39.875,26.375,2.2355625000000003,50.0,0.0,,,,,,
2026-07-02 19:55:16,3092.637927532196,39.812,26.25,2.226083333333334,50.0,0.0,,,,,,
2026-07-02 19:55:18,3094.46133518219,39.687,26.375,2.272770833333334,50.0,0.0,,,,,,
2026-07-02 19:55:19,3096.250475883484,39.625,26.375,2.2172916666666667,50.0,0.0,,,,,,
2026-07-02 19:55:21,3098.041954755783,39.562,26.5,2.2089375000000007,50.0,0.0,,,,,,
2026-07-02 19:55:23,3099.8381650447845,39.562,26.5,2.261,50.0,0.0,,,,,,
2026-07-02 19:55:25,3101.6587505340576,39.5,26.5,2.2012291666666672,50.0,0.0,,,,,,
2026-07-02 19:55:27,3103.450193166733,39.5,26.625,2.200229166666667,50.0,0.0,,,,,,
2026-07-02 19:55:28,3105.242187976837,39.5,26.625,2.222166666666667,50.0,0.0,,,,,,
2026-07-02 19:55:30,3107.0347826480865,39.5,26.625,2.2408333333333337,50.0,0.0,,,,,,
2026-07-02 19:55:32,3108.826625108719,39.562,26.625,2.1917500000000003,50.0,0.0,,,,,,
2026-07-02 19:55:34,3110.6179900169373,39.625,26.625,2.1867916666666667,50.0,0.0,,,,,,
2026-07-02 19:55:36,3112.409932374954,39.625,26.625,2.2390416666666666,50.0,0.0,,,,,,
2026-07-02 19:55:37,3114.2025122642517,39.687,26.625,2.183791666666667,50.0,0.0,,,,,,
2026-07-02 19:55:39,3115.997410774231,39.812,26.75,2.1823750000000004,50.0,0.0,,,,,,
2026-07-02 19:55:41,3117.7859840393066,39.812,26.75,2.216145833333334,50.0,0.0,,,,,,
2026-07-02 19:55:43,3119.57860827446,39.937,26.75,2.176979166666667,50.0,0.0,,,,,,
2026-07-02 19:55:45,3121.3744814395905,40.0,26.75,2.1766458333333336,50.0,0.0,,,,,,
2026-07-02 19:55:46,3123.1939446926117,40.125,26.75,2.219479166666667,50.0,0.0,,,,,,
2026-07-02 19:55:48,3124.986619234085,40.25,26.75,2.1731875000000005,50.0,0.0,,,,,,
2026-07-02 19:55:50,3126.7814240455627,40.312,26.75,2.171479166666667,50.0,0.0,,,,,,
2026-07-02 19:55:52,3128.5699257850647,40.437,26.75,2.2225000000000006,50.0,0.0,,,,,,
2026-07-02 19:55:53,3130.3625128269196,40.562,26.75,2.2151875000000003,50.0,0.0,,,,,,
2026-07-02 19:55:55,3132.1576631069183,40.75,26.75,2.2103333333333337,50.0,0.0,,,,,,
2026-07-02 19:55:57,3133.978502035141,40.812,26.75,2.2090625000000004,50.0,0.0,,,,,,
2026-07-02 19:55:59,3135.7706122398376,41.0,26.875,2.210979166666667,50.0,0.0,,,,,,
2026-07-02 19:56:01,3137.563779115677,41.125,26.75,2.158291666666667,50.0,0.0,,,,,,
2026-07-02 19:56:02,3139.35400724411,41.25,26.875,2.1588125000000002,50.0,0.0,,,,,,
2026-07-02 19:56:04,3141.1459724903107,41.437,26.75,2.2084375000000005,50.0,0.0,,,,,,
2026-07-02 19:56:06,3142.9481925964355,41.562,26.875,2.155229166666667,50.0,0.0,,,,,,
2026-07-02 19:56:08,3144.7619745731354,41.75,26.875,2.154270833333334,50.0,0.0,,,,,,
2026-07-02 19:56:10,3146.5539259910583,41.875,26.875,2.205604166666667,50.0,0.0,,,,,,
2026-07-02 19:56:12,3148.35076546669,42.062,26.875,2.1511458333333335,50.0,0.0,,,,,,
2026-07-02 19:56:13,3150.1701140403748,42.187,26.875,2.149,50.0,0.0,,,,,,
2026-07-02 19:56:15,3151.9620587825775,42.375,26.875,2.185729166666667,50.0,0.0,,,,,,
2026-07-02 19:56:17,3153.7546739578247,42.5,26.875,2.147354166666667,50.0,0.0,,,,,,
2026-07-02 19:56:19,3155.5500078201294,42.687,26.875,2.147208333333334,50.0,0.0,,,,,,
2026-07-02 19:56:20,3157.370001554489,42.812,26.875,2.1964583333333336,50.0,0.0,,,,,,
2026-07-02 19:56:22,3159.1653006076813,42.937,26.875,2.1435833333333334,50.0,0.0,,,,,,
2026-07-02 19:56:24,3160.953996181488,43.125,26.875,2.1470208333333334,50.0,0.0,,,,,,
2026-07-02 19:56:26,3162.7459664344788,43.25,26.875,2.1931458333333333,50.0,0.0,,,,,,
2026-07-02 19:56:28,3164.5411257743835,43.437,26.875,2.140854166666667,50.0,0.0,,,,,,
2026-07-02 19:56:29,3166.3300879001617,43.562,26.875,2.1379583333333336,50.0,0.0,,,,,,
2026-07-02 19:56:31,3168.1219131946564,43.687,26.875,2.1621458333333337,50.0,0.0,,,,,,
2026-07-02 19:56:33,3169.9145131111145,43.875,26.875,2.1391875000000002,50.0,0.0,,,,,,
2026-07-02 19:56:35,3171.706090450287,44.062,26.875,2.135354166666667,50.0,0.0,,,,,,
2026-07-02 19:56:37,3173.497992515564,44.187,26.875,2.1708958333333332,50.0,0.0,,,,,,
2026-07-02 19:56:38,3175.2906470298767,44.312,26.875,2.1824166666666667,50.0,0.0,,,,,,
2026-07-02 19:56:40,3177.082575559616,44.5,26.875,2.1309375000000004,50.0,0.0,,,,,,
2026-07-02 19:56:42,3178.874125480652,44.625,26.875,2.1298333333333335,50.0,0.0,,,,,,
2026-07-02 19:56:44,3180.666501760483,44.75,26.875,1.7703750000000003,40.0,0.0,,,,,,
2026-07-02 19:56:46,3182.4585313796997,44.937,26.875,1.7545833333333336,40.0,0.0,,,,,,
2026-07-02 19:56:47,3184.2499480247498,45.062,26.875,1.759791666666667,40.0,0.0,,,,,,
2026-07-02 19:56:49,3186.0463795661926,45.187,26.875,1.8053125,40.0,0.0,,,,,,
2026-07-02 19:56:51,3187.8667936325073,45.312,26.875,1.765875,40.0,0.0,,,,,,
2026-07-02 19:56:53,3189.66232919693,45.437,26.875,1.7660000000000002,40.0,0.0,,,,,,
2026-07-02 19:56:55,3191.485695838928,45.562,26.875,1.8194583333333336,40.0,0.0,,,,,,
2026-07-02 19:56:56,3193.274482488632,45.687,26.75,1.7673125000000003,40.0,0.0,,,,,,
2026-07-02 19:56:58,3195.0659170150757,45.875,26.875,1.7696041666666669,40.0,0.0,,,,,,
2026-07-02 19:57:00,3196.8580849170685,45.937,26.875,1.8167708333333337,40.0,0.0,,,,,,
2026-07-02 19:57:02,3198.653490304947,46.062,26.75,1.7665208333333335,40.0,0.0,,,,,,
2026-07-02 19:57:04,3200.4419968128204,46.187,26.75,1.7656250000000002,40.0,0.0,,,,,,
2026-07-02 19:57:05,3202.2376639842987,46.312,26.75,1.800916666666667,40.0,0.0,,,,,,
2026-07-02 19:57:07,3204.0307672023773,46.437,26.75,1.7657916666666669,40.0,0.0,,,,,,
2026-07-02 19:57:09,3205.8499994277954,46.562,26.75,1.7668333333333335,40.0,0.0,,,,,,
2026-07-02 19:57:11,3207.649580717087,46.687,26.75,1.811416666666667,40.0,0.0,,,,,,
2026-07-02 19:57:13,3209.466613292694,46.812,26.75,1.7673750000000004,40.0,0.0,,,,,,
2026-07-02 19:57:14,3211.2578983306885,46.937,26.75,1.7665625000000003,40.0,0.0,,,,,,
2026-07-02 19:57:16,3213.05024933815,47.0,26.625,1.8061875,40.0,0.0,,,,,,
2026-07-02 19:57:18,3214.8745419979095,47.125,26.625,1.763166666666667,40.0,0.0,,,,,,
2026-07-02 19:57:20,3216.6659400463104,47.187,26.75,1.7637708333333335,40.0,0.0,,,,,,
2026-07-02 19:57:22,3218.4586429595947,47.312,26.75,1.7871875000000004,40.0,0.0,,,,,,
2026-07-02 19:57:23,3220.2505507469177,47.375,26.75,1.7616250000000002,40.0,0.0,,,,,,
2026-07-02 19:57:25,3222.041985273361,47.5,26.625,1.7612083333333335,40.0,0.0,,,,,,
2026-07-02 19:57:27,3223.8339881896973,47.562,26.625,1.800916666666667,40.0,0.0,,,,,,
2026-07-02 19:57:29,3225.626609325409,47.687,26.625,1.8103750000000003,40.0,0.0,,,,,,
2026-07-02 19:57:31,3227.4186778068542,47.75,26.625,1.8105833333333337,40.0,0.0,,,,,,
2026-07-02 19:57:32,3229.2425343990326,47.875,26.625,1.805541666666667,40.0,0.0,,,,,,
2026-07-02 19:57:34,3231.066479921341,47.937,26.625,1.7603333333333335,40.0,0.0,,,,,,
2026-07-02 19:57:36,3232.8579049110413,48.062,26.625,1.7603958333333334,40.0,0.0,,,,,,
2026-07-02 19:57:38,3234.649965763092,48.125,26.5,1.808229166666667,40.0,0.0,,,,,,
2026-07-02 19:57:40,3236.4426550865173,48.187,26.5,1.8092708333333336,40.0,0.0,,,,,,
2026-07-02 19:57:41,3238.23854804039,48.25,26.5,1.7561875000000002,40.0,0.0,,,,,,
2026-07-02 19:57:43,3240.0606546401978,48.312,26.5,1.7586458333333335,40.0,0.0,,,,,,
2026-07-02 19:57:45,3241.8499953746796,48.437,26.5,1.8088958333333336,40.0,0.0,,,,,,
2026-07-02 19:57:47,3243.6426017284393,48.5,26.5,1.7560833333333337,40.0,0.0,,,,,,
2026-07-02 19:57:49,3245.4340240955353,48.562,26.375,1.7547083333333338,40.0,0.0,,,,,,
2026-07-02 19:57:50,3247.225883245468,48.625,26.5,1.805791666666667,40.0,0.0,,,,,,
2026-07-02 19:57:52,3249.0225036144257,48.687,26.5,1.755729166666667,40.0,0.0,,,,,,
2026-07-02 19:57:54,3250.84233045578,48.75,26.5,1.754416666666667,40.0,0.0,,,,,,
2026-07-02 19:57:56,3252.6339020729065,48.875,26.5,1.8078750000000003,40.0,0.0,,,,,,
2026-07-02 19:57:58,3254.426641702652,48.937,26.375,1.7536875,40.0,0.0,,,,,,
2026-07-02 19:57:59,3256.225089788437,49.0,26.5,1.7545416666666669,40.0,0.0,,,,,,
2026-07-02 19:58:01,3258.041987657547,49.0,26.375,1.7939583333333335,40.0,0.0,,,,,,
2026-07-02 19:58:03,3259.8346893787384,49.062,26.375,1.8035000000000003,40.0,0.0,,,,,,
2026-07-02 19:58:05,3261.6292638778687,49.125,26.375,1.7522916666666668,40.0,0.0,,,,,,
2026-07-02 19:58:07,3263.417988061905,49.187,26.375,1.7515,40.0,0.0,,,,,,
2026-07-02 19:58:08,3265.209942817688,49.25,26.375,1.803979166666667,40.0,0.0,,,,,,
2026-07-02 19:58:10,3267.0105924606323,49.312,26.375,1.753104166666667,40.0,0.0,,,,,,
2026-07-02 19:58:12,3268.8259387016296,49.375,26.25,1.7514166666666668,40.0,0.0,,,,,,
2026-07-02 19:58:14,3270.6178987026215,49.437,26.375,1.7999375000000002,40.0,0.0,,,,,,
2026-07-02 19:58:16,3272.413883447647,49.5,26.375,1.7501250000000002,40.0,0.0,,,,,,
2026-07-02 19:58:17,3274.233988761902,49.562,26.375,1.7503333333333335,40.0,0.0,,,,,,
2026-07-02 19:58:19,3276.0260181427,49.625,26.375,1.7788958333333333,40.0,0.0,,,,,,
2026-07-02 19:58:21,3277.818464279175,49.687,26.25,1.7500000000000002,40.0,0.0,,,,,,
2026-07-02 19:58:23,3279.609950065613,49.687,26.25,1.7488541666666668,40.0,0.0,,,,,,
2026-07-02 19:58:25,3281.401952266693,49.75,26.25,1.7936041666666669,40.0,0.0,,,,,,
2026-07-02 19:58:26,3283.199537754059,49.812,26.25,1.748229166666667,40.0,0.0,,,,,,
2026-07-02 19:58:28,3285.0179245471954,49.875,26.25,1.747291666666667,40.0,0.0,,,,,,
2026-07-02 19:58:30,3286.8099484443665,49.875,26.375,1.7974166666666669,40.0,0.0,,,,,,
2026-07-02 19:58:32,3288.606495141983,50.0,26.375,1.745666666666667,40.0,0.0,,,,,,
2026-07-02 19:58:34,3290.425956964493,50.0,26.25,1.7468125,40.0,0.0,,,,,,
2026-07-02 19:58:35,3292.2179770469666,50.125,26.375,1.7985833333333336,40.0,0.0,,,,,,
2026-07-02 19:58:37,3294.0120651721954,50.187,26.25,1.7452708333333335,40.0,0.0,,,,,,
2026-07-02 19:58:39,3295.8019649982452,50.25,26.375,1.745666666666667,40.0,0.0,,,,,,
2026-07-02 19:58:41,3297.59396982193,50.25,26.25,1.7821875000000003,40.0,0.0,,,,,,
2026-07-02 19:58:43,3299.4266657829285,50.312,26.25,1.7442708333333334,40.0,0.0,,,,,,
2026-07-02 19:58:44,3301.2419197559357,50.375,26.375,1.743104166666667,40.0,0.0,,,,,,
2026-07-02 19:58:46,3303.0339381694794,50.437,26.375,1.794354166666667,40.0,0.0,,,,,,
2026-07-02 19:58:48,3304.8263878822327,50.437,26.25,1.742791666666667,40.0,0.0,,,,,,
2026-07-02 19:58:50,3306.6181168556213,50.5,26.25,1.745666666666667,40.0,0.0,,,,,,
2026-07-02 19:58:52,3308.4099786281586,50.562,26.25,1.7949791666666668,40.0,0.0,,,,,,
2026-07-02 19:58:53,3310.2035160064697,50.625,26.375,1.7427083333333335,40.0,0.0,,,,,,
2026-07-02 19:58:55,3311.994007587433,50.687,26.25,1.7428125,40.0,0.0,,,,,,
2026-07-02 19:58:57,3313.7861568927765,50.687,26.375,1.7697708333333335,40.0,0.0,,,,,,
2026-07-02 19:58:59,3315.5826737880707,50.75,26.375,1.7925000000000002,40.0,0.0,,,,,,
2026-07-02 19:59:01,3317.4026095867157,50.812,26.375,1.7911666666666668,40.0,0.0,,,,,,
2026-07-02 19:59:02,3319.1946959495544,50.812,26.375,1.7861041666666668,40.0,0.0,,,,,,
2026-07-02 19:59:04,3320.9865181446075,50.937,26.375,1.7383333333333335,40.0,0.0,,,,,,
2026-07-02 19:59:06,3322.7779269218445,50.937,26.375,1.7400208333333336,40.0,0.0,,,,,,
2026-07-02 19:59:08,3324.5699322223663,51.0,26.375,1.7860000000000003,40.0,0.0,,,,,,
2026-07-02 19:59:09,3326.3625659942627,51.062,26.25,1.7377291666666668,40.0,0.0,,,,,,
2026-07-02 19:59:11,3328.1540167331696,51.125,26.375,1.7391458333333334,40.0,0.0,,,,,,
2026-07-02 19:59:13,3329.9460158348083,51.125,26.375,1.7723125000000002,40.0,0.0,,,,,,
2026-07-02 19:59:15,3331.7426195144653,51.125,26.375,1.7378125000000002,40.0,0.0,,,,,,
2026-07-02 19:59:17,3333.562024831772,51.187,26.375,1.7384583333333337,40.0,0.0,,,,,,
2026-07-02 19:59:18,3335.3539366722107,51.25,26.25,1.7868333333333337,40.0,0.0,,,,,,
2026-07-02 19:59:20,3337.1465084552765,51.25,26.25,1.7369375000000002,40.0,0.0,,,,,,
2026-07-02 19:59:22,3338.9379332065582,51.375,26.375,1.7401458333333335,40.0,0.0,,,,,,
2026-07-02 19:59:24,3340.729900121689,51.375,26.375,1.785916666666667,40.0,0.0,,,,,,
2026-07-02 19:59:26,3342.5274164676666,51.375,26.25,1.7875000000000003,40.0,0.0,,,,,,
2026-07-02 19:59:27,3344.3466277122498,51.437,26.25,1.7352500000000002,40.0,0.0,,,,,,
2026-07-02 19:59:29,3346.1379673480988,51.5,26.25,1.7357083333333336,40.0,0.0,,,,,,
2026-07-02 19:59:31,3347.92999625206,51.5,26.25,1.7603958333333334,40.0,0.0,,,,,,
2026-07-02 19:59:33,3349.7266545295715,51.562,26.25,1.785104166666667,40.0,0.0,,,,,,
2026-07-02 19:59:35,3351.5466117858887,51.625,26.25,1.779166666666667,40.0,0.0,,,,,,
2026-07-02 19:59:36,3353.338633298874,51.625,26.25,1.7808333333333337,40.0,0.0,,,,,,
2026-07-02 19:59:38,3355.130478620529,51.687,26.25,1.7354583333333335,40.0,0.0,,,,,,
2026-07-02 19:59:40,3356.9219205379486,51.687,26.25,1.7356458333333333,40.0,0.0,,,,,,
2026-07-02 19:59:42,3358.714210987091,51.75,26.25,1.786166666666667,40.0,0.0,,,,,,
2026-07-02 19:59:44,3360.5106344223022,51.75,26.125,1.7359583333333337,40.0,0.0,,,,,,
2026-07-02 19:59:45,3362.3299565315247,51.875,26.25,1.7336041666666668,40.0,0.0,,,,,,
2026-07-02 19:59:47,3364.123750925064,51.875,26.125,1.7728125000000003,40.0,0.0,,,,,,
2026-07-02 19:59:49,3365.9146399497986,51.937,26.125,1.731354166666667,40.0,0.0,,,,,,
2026-07-02 19:59:51,3367.706197977066,51.937,26.125,1.7329583333333336,40.0,0.0,,,,,,
2026-07-02 19:59:53,3369.4979724884033,52.0,26.125,1.7813750000000002,40.0,0.0,,,,,,
2026-07-02 19:59:54,3371.2969675064087,52.062,26.125,1.7324583333333337,40.0,0.0,,,,,,
2026-07-02 19:59:56,3373.1139113903046,52.125,26.0,1.7342500000000003,40.0,0.0,,,,,,
2026-07-02 19:59:58,3374.9059324264526,52.125,26.125,1.7815833333333335,40.0,0.0,,,,,,
2026-07-02 20:00:00,3376.7025158405304,52.125,26.125,1.7312083333333335,40.0,0.0,,,,,,
2026-07-02 20:00:02,3378.521943092346,52.125,26.125,1.7306250000000003,40.0,0.0,,,,,,
2026-07-02 20:00:03,3380.314195394516,52.187,26.0,1.7808750000000002,40.0,0.0,,,,,,
2026-07-02 20:00:05,3382.106559276581,52.187,26.0,1.7321666666666669,40.0,0.0,,,,,,
2026-07-02 20:00:07,3383.897965669632,52.25,26.0,1.7328750000000002,40.0,0.0,,,,,,
2026-07-02 20:00:09,3385.6900210380554,52.312,26.0,1.7723125000000002,40.0,0.0,,,,,,
2026-07-02 20:00:11,3387.490576028824,52.312,26.0,1.731,40.0,0.0,,,,,,
2026-07-02 20:00:12,3389.3059542179108,52.375,26.0,1.7315625000000001,40.0,0.0,,,,,,
2026-07-02 20:00:14,3391.1037559509277,52.437,26.0,1.7776041666666669,40.0,0.0,,,,,,
2026-07-02 20:00:16,3392.926658630371,52.437,26.0,1.7285000000000001,40.0,0.0,,,,,,
2026-07-02 20:00:18,3394.746033191681,52.5,26.0,1.7296458333333335,40.0,0.0,,,,,,
2026-07-02 20:00:20,3396.5380012989044,52.5,26.0,1.7793958333333335,40.0,0.0,,,,,,
2026-07-02 20:00:21,3398.33055973053,52.562,25.875,1.7283958333333336,40.0,0.0,,,,,,
2026-07-02 20:00:23,3400.121954679489,52.625,25.875,1.7298333333333336,40.0,0.0,,,,,,
2026-07-02 20:00:25,3401.914158344269,52.625,25.875,1.7595000000000003,40.0,0.0,,,,,,
2026-07-02 20:00:27,3403.706736087799,52.625,25.875,1.7275625000000001,40.0,0.0,,,,,,
2026-07-02 20:00:29,3405.5299620628357,52.75,25.875,1.7281875000000002,40.0,0.0,,,,,,
2026-07-02 20:00:30,3407.3254449367523,52.75,26.0,1.771875,40.0,0.0,,,,,,
2026-07-02 20:00:32,3409.1147594451904,52.75,25.875,0.016666666666666666,0.0,0.0,,,,,,
2026-07-02 20:00:34,3410.90598154068,52.75,26.0,0.017291666666666667,0.0,0.0,,,,,,
2026-07-02 20:00:36,3412.701399087906,52.812,25.875,0.016145833333333335,0.0,0.0,,,,,,
2026-07-02 20:00:38,3414.490539073944,52.875,25.875,0.01660416666666667,0.0,0.0,,,,,,
2026-07-02 20:00:39,3416.28195977211,52.937,26.0,0.01654166666666667,0.0,0.0,,,,,,
2026-07-02 20:00:41,3418.07742023468,52.937,25.875,0.01660416666666667,0.0,0.0,,,,,,
2026-07-02 20:00:43,3419.8666100502014,52.937,26.0,0.016187500000000004,0.0,0.0,,,,,,
2026-07-02 20:00:45,3421.6585693359375,53.0,25.875,0.016437500000000004,0.0,0.0,,,,,,
2026-07-02 20:00:47,3423.4587728977203,53.0,25.875,0.015958333333333335,0.0,0.0,,,,,,
2026-07-02 20:00:48,3425.274477958679,53.0,25.875,0.016916666666666667,0.0,0.0,,,,,,
2026-07-02 20:00:50,3427.06658744812,53.0,26.0,0.017375,0.0,0.0,,,,,,
2026-07-02 20:00:52,3428.862567424774,53.0,25.875,0.0160625,0.0,0.0,,,,,,
2026-07-02 20:00:54,3430.6819863319397,53.0,26.0,0.01660416666666667,0.0,0.0,,,,,,
2026-07-02 20:00:56,3432.473996400833,53.0,26.0,0.0165,0.0,0.0,,,,,,
2026-07-02 20:00:57,3434.2739181518555,53.0,25.875,0.016145833333333335,0.0,0.0,,,,,,
2026-07-02 20:00:59,3436.0945649147034,53.0,25.875,0.01697916666666667,0.0,0.0,,,,,,
2026-07-02 20:01:01,3437.9139382839203,52.937,26.0,0.0168125,0.0,0.0,,,,,,
2026-07-02 20:01:03,3439.70605969429,52.937,25.875,0.0163125,0.0,0.0,,,,,,
2026-07-02 20:01:05,3441.49844288826,52.875,26.0,0.01704166666666667,0.0,0.0,,,,,,
2026-07-02 20:01:06,3443.2899417877197,52.812,26.0,0.016270833333333335,0.0,0.0,,,,,,
2026-07-02 20:01:08,3445.081996202469,52.75,25.875,0.01725,0.0,0.0,,,,,,
2026-07-02 20:01:10,3446.882601261139,52.687,25.875,0.016770833333333332,0.0,0.0,,,,,,
2026-07-02 20:01:12,3448.7026765346527,52.625,25.875,0.017479166666666667,0.0,0.0,,,,,,
2026-07-02 20:01:14,3450.5219733715057,52.562,26.0,0.016395833333333335,0.0,0.0,,,,,,
2026-07-02 20:01:15,3452.3139441013336,52.5,25.875,0.016395833333333335,0.0,0.0,,,,,,
2026-07-02 20:01:17,3454.109152317047,52.375,26.0,0.016666666666666666,0.0,0.0,,,,,,
2026-07-02 20:01:19,3455.8978955745697,52.312,25.875,0.016625000000000004,0.0,0.0,,,,,,
2026-07-02 20:01:21,3457.689897298813,52.187,25.875,0.017083333333333336,0.0,0.0,,,,,,
2026-07-02 20:01:23,3459.4824771881104,52.125,25.875,0.0159375,0.0,0.0,,,,,,
2026-07-02 20:01:24,3461.2785274982452,52.0,25.875,0.016833333333333336,0.0,0.0,,,,,,
2026-07-02 20:01:26,3463.0986049175262,51.875,26.0,0.016895833333333336,0.0,0.0,,,,,,
2026-07-02 20:01:28,3464.8900220394135,51.75,25.875,0.01672916666666667,0.0,0.0,,,,,,
2026-07-02 20:01:30,3466.6820244789124,51.687,26.0,0.017354166666666667,0.0,0.0,,,,,,
2026-07-02 20:01:32,3468.474562883377,51.625,25.875,0.017,0.0,0.0,,,,,,
2026-07-02 20:01:33,3470.2692551612854,51.5,25.875,0.0165,0.0,0.0,,,,,,
2026-07-02 20:01:35,3472.0579781532288,51.375,25.875,0.017083333333333336,0.0,0.0,,,,,,
2026-07-02 20:01:37,3473.8505232334137,51.25,25.875,0.01654166666666667,0.0,0.0,,,,,,
2026-07-02 20:01:39,3475.6454095840454,51.125,25.875,0.016583333333333335,0.0,0.0,,,,,,
2026-07-02 20:01:41,3477.4338953495026,51.062,25.875,0.017541666666666667,0.0,0.0,,,,,,
2026-07-02 20:01:42,3479.226403236389,50.937,25.875,0.016625000000000004,0.0,0.0,,,,,,
2026-07-02 20:01:44,3481.022975921631,50.812,25.875,0.016708333333333335,0.0,0.0,,,,,,
2026-07-02 20:01:46,3482.8433656692505,50.687,25.875,0.017812500000000002,0.0,0.0,,,,,,
2026-07-02 20:01:48,3484.638604402542,50.625,25.875,0.0165625,0.0,0.0,,,,,,
2026-07-02 20:01:50,3486.4637157917023,50.5,25.875,0.016437500000000004,0.0,0.0,,,,,,
2026-07-02 20:01:51,3488.28196310997,50.312,25.875,0.016875000000000005,0.0,0.0,,,,,,
2026-07-02 20:01:53,3490.0748064517975,50.187,25.875,0.01633333333333334,0.0,0.0,,,,,,
2026-07-02 20:01:55,3491.898109436035,50.125,26.0,0.017104166666666667,0.0,0.0,,,,,,
2026-07-02 20:01:57,3493.6899297237396,50.0,25.875,0.016270833333333335,0.0,0.0,,,,,,
2026-07-02 20:01:59,3495.482470035553,49.875,25.875,0.015645833333333335,0.0,0.0,,,,,,
2026-07-02 20:02:00,3497.2745518684387,49.812,25.875,0.016270833333333335,0.0,0.0,,,,,,
2026-07-02 20:02:02,3499.0659823417664,49.625,25.875,0.016083333333333335,0.0,0.0,,,,,,
2026-07-02 20:02:04,3500.8579626083374,49.562,25.875,0.016875000000000005,0.0,0.0,,,,,,
2026-07-02 20:02:06,3502.650605201721,49.437,25.875,0.0165,0.0,0.0,,,,,,
2026-07-02 20:02:08,3504.441954135895,49.312,25.875,0.01660416666666667,0.0,0.0,,,,,,
2026-07-02 20:02:09,3506.2339770793915,49.187,25.875,0.01622916666666667,0.0,0.0,,,,,,
2026-07-02 20:02:11,3508.0360243320465,49.0,25.875,0.0171875,0.0,0.0,,,,,,
2026-07-02 20:02:13,3509.849904537201,48.937,25.875,0.015645833333333335,0.0,0.0,,,,,,
2026-07-02 20:02:15,3511.6418874263763,48.812,25.875,0.01675,0.0,0.0,,,,,,
2026-07-02 20:02:17,3513.4447479248047,48.687,25.875,0.016645833333333335,0.0,0.0,,,,,,
2026-07-02 20:02:18,3515.25790143013,48.562,25.875,0.0170625,0.0,0.0,,,,,,
2026-07-02 20:02:20,3517.0499815940857,48.437,25.875,0.01616666666666667,0.0,0.0,,,,,,
2026-07-02 20:02:22,3518.8426241874695,48.312,25.875,0.0165,0.0,0.0,,,,,,
2026-07-02 20:02:24,3520.6339588165283,48.187,25.875,0.016854166666666667,0.0,0.0,,,,,,
2026-07-02 20:02:26,3522.425969839096,48.062,25.875,0.016770833333333332,0.0,0.0,,,,,,
2026-07-02 20:02:27,3524.221992254257,48.0,25.875,0.0165625,0.0,0.0,,,,,,
2026-07-02 20:02:29,3526.0419821739197,47.875,25.875,0.016687500000000004,0.0,0.0,,,,,,
2026-07-02 20:02:31,3527.8339121341705,47.75,25.875,0.017,0.0,0.0,,,,,,
2026-07-02 20:02:33,3529.6325261592865,47.625,25.75,0.0169375,0.0,0.0,,,,,,
2026-07-02 20:02:35,3531.449890613556,47.562,25.875,0.01672916666666667,0.0,0.0,,,,,,
2026-07-02 20:02:36,3533.2419095039368,47.437,25.875,0.0168125,0.0,0.0,,,,,,
2026-07-02 20:02:38,3535.034509897232,47.312,25.875,0.016687500000000004,0.0,0.0,,,,,,
2026-07-02 20:02:40,3536.826007127762,47.187,25.875,0.01679166666666667,0.0,0.0,,,,,,
2026-07-02 20:02:42,3538.6180725097656,47.125,25.875,0.01660416666666667,0.0,0.0,,,,,,
2026-07-02 20:02:44,3540.4148466587067,47.0,25.875,0.016437500000000004,0.0,0.0,,,,,,
2026-07-02 20:02:45,3542.2341549396515,46.875,25.875,0.016770833333333332,0.0,0.0,,,,,,
2026-07-02 20:02:47,3544.0260031223297,46.812,25.875,0.016083333333333335,0.0,0.0,,,,,,
2026-07-02 20:02:49,3545.822601556778,46.687,26.0,0.016416666666666666,0.0,0.0,,,,,,
2026-07-02 20:02:51,3547.6419229507446,46.562,26.0,0.017083333333333336,0.0,0.0,,,,,,
2026-07-02 20:02:53,3549.4339249134064,46.437,26.0,0.016666666666666666,0.0,0.0,,,,,,
2026-07-02 20:02:54,3551.229648590088,46.312,26.0,0.0165625,0.0,0.0,,,,,,
2026-07-02 20:02:56,3553.0180184841156,46.187,26.0,0.0165625,0.0,0.0,,,,,,
2026-07-02 20:02:58,3554.8139719963074,46.125,26.0,0.01616666666666667,0.0,0.0,,,,,,
2026-07-02 20:03:00,3556.636625289917,46.0,26.0,0.0163125,0.0,0.0,,,,,,
2026-07-02 20:03:02,3558.425921201706,45.875,26.0,0.016520833333333335,0.0,0.0,,,,,,
2026-07-02 20:03:03,3560.21795797348,45.75,26.0,0.0169375,0.0,0.0,,,,,,
2026-07-02 20:03:05,3562.018006801605,45.687,26.0,0.017375,0.0,0.0,,,,,,
2026-07-02 20:03:07,3563.8339052200317,45.562,26.0,0.016687500000000004,0.0,0.0,,,,,,
2026-07-02 20:03:09,3565.6579337120056,45.437,26.125,0.017208333333333332,0.0,0.0,,,,,,
2026-07-02 20:03:11,3567.455945253372,45.375,26.0,0.016145833333333335,0.0,0.0,,,,,,
2026-07-02 20:03:12,3569.2739090919495,45.25,26.125,0.016666666666666666,0.0,0.0,,,,,,
2026-07-02 20:03:14,3571.065992832184,45.125,26.125,0.016625000000000004,0.0,0.0,,,,,,
2026-07-02 20:03:16,3572.858625650406,45.062,26.0,0.01704166666666667,0.0,0.0,,,,,,
2026-07-02 20:03:18,3574.6499729156494,44.937,26.0,0.016625000000000004,0.0,0.0,,,,,,
2026-07-02 20:03:20,3576.441974878311,44.812,26.125,0.016645833333333335,0.0,0.0,,,,,,
2026-07-02 20:03:21,3578.240776538849,44.75,26.125,0.01610416666666667,0.0,0.0,,,,,,
2026-07-02 20:03:23,3580.058004140854,44.687,26.0,0.016416666666666666,0.0,0.0,,,,,,
2026-07-02 20:03:25,3581.8499252796173,44.562,26.125,0.016083333333333335,0.0,0.0,,,,,,
2026-07-02 20:03:27,3583.6461005210876,44.5,26.125,0.01722916666666667,0.0,0.0,,,,,,
2026-07-02 20:03:29,3585.46608710289,44.375,26.125,0.01679166666666667,0.0,0.0,,,,,,
2026-07-02 20:03:30,3587.2578933238983,44.25,26.125,0.01697916666666667,0.0,0.0,,,,,,
2026-07-02 20:03:32,3589.0580565929413,44.187,26.125,0.017020833333333336,0.0,0.0,,,,,,
2026-07-02 20:03:34,3590.8741159439087,44.062,26.125,0.016000000000000004,0.0,0.0,,,,,,
2026-07-02 20:03:36,3592.6660392284393,44.0,26.125,0.0163125,0.0,0.0,,,,,,
2026-07-02 20:03:38,3594.459878921509,43.875,26.125,0.016770833333333332,0.0,0.0,,,,,,
2026-07-02 20:03:39,3596.253950357437,43.75,26.125,0.016375,0.0,0.0,,,,,,
2026-07-02 20:03:41,3598.0739891529083,43.687,26.125,0.016895833333333336,0.0,0.0,,,,,,
2026-07-02 20:03:43,3599.866502046585,43.625,26.125,0.017,0.0,0.0,,,,,,
2026-07-02 20:03:45,3601.661932706833,43.562,26.125,0.016625000000000004,0.0,0.0,,,,,,
2026-07-02 20:03:47,3603.481880903244,43.437,26.125,0.016875000000000005,0.0,0.0,,,,,,
2026-07-02 20:03:48,3605.278685569763,43.312,26.25,0.01647916666666667,0.0,0.0,,,,,,
2026-07-02 20:03:50,3607.0979883670807,43.25,26.25,0.01675,0.0,0.0,,,,,,
2026-07-02 20:03:52,3608.8900117874146,43.187,26.25,0.0165625,0.0,0.0,,,,,,
2026-07-02 20:03:54,3610.68257522583,43.062,26.25,0.016458333333333335,0.0,0.0,,,,,,
2026-07-02 20:03:56,3612.4739623069763,43.0,26.25,0.01660416666666667,0.0,0.0,,,,,,
2026-07-02 20:03:57,3614.26597571373,42.937,26.25,0.016416666666666666,0.0,0.0,,,,,,
2026-07-02 20:03:59,3616.0660240650177,42.812,26.25,0.5422916666666667,10.0,0.0,,,,,,
2026-07-02 20:04:01,3617.881975889206,42.75,26.25,0.5382291666666668,10.0,0.0,,,,,,
2026-07-02 20:04:03,3619.6739814281464,42.625,26.125,0.5962916666666668,10.0,0.0,,,,,,
2026-07-02 20:04:05,3621.470099210739,42.562,26.25,0.5374375000000001,10.0,0.0,,,,,,
2026-07-02 20:04:06,3623.2899420261383,42.5,26.25,0.5334375,10.0,0.0,,,,,,
2026-07-02 20:04:08,3625.081996679306,42.375,26.25,0.5786666666666667,10.0,0.0,,,,,,
2026-07-02 20:04:10,3626.874625682831,42.312,26.25,0.5332708333333335,10.0,0.0,,,,,,
2026-07-02 20:04:12,3628.66597032547,42.25,26.25,0.5327916666666668,10.0,0.0,,,,,,
2026-07-02 20:04:14,3630.457890033722,42.187,26.25,0.5642083333333333,10.0,0.0,,,,,,
2026-07-02 20:04:15,3632.2505280971527,42.062,26.25,0.5347291666666667,10.0,0.0,,,,,,
2026-07-02 20:04:17,3634.041916370392,42.0,26.25,0.5332083333333334,10.0,0.0,,,,,,
2026-07-02 20:04:19,3635.8339290618896,42.0,26.25,0.5851875000000001,10.0,0.0,,,,,,
2026-07-02 20:04:21,3637.6281797885895,41.875,26.25,0.5319375000000001,10.0,0.0,,,,,,
2026-07-02 20:04:23,3639.417972803116,41.812,26.25,0.5322916666666667,10.0,0.0,,,,,,
2026-07-02 20:04:24,3641.21001124382,41.75,26.25,0.5873333333333334,10.0,0.0,,,,,,
2026-07-02 20:04:26,3643.008092880249,41.687,26.375,0.5906041666666667,10.0,0.0,,,,,,
2026-07-02 20:04:28,3644.826686859131,41.625,26.375,0.5908541666666668,10.0,0.0,,,,,,
2026-07-02 20:04:30,3646.618588209152,41.562,26.25,0.5906666666666668,10.0,0.0,,,,,,
2026-07-02 20:04:32,3648.419981479645,41.5,26.25,0.5903125000000001,10.0,0.0,,,,,,
2026-07-02 20:04:33,3650.238510608673,41.437,26.375,0.5345833333333333,10.0,0.0,,,,,,
2026-07-02 20:04:35,3652.057956933975,41.375,26.25,0.5326875000000001,10.0,0.0,,,,,,
2026-07-02 20:04:37,3653.8499686717987,41.375,26.375,0.5706875,10.0,0.0,,,,,,
2026-07-02 20:04:39,3655.6425755023956,41.312,26.25,0.5325,10.0,0.0,,,,,,
2026-07-02 20:04:41,3657.43394947052,41.25,26.25,0.5342083333333334,10.0,0.0,,,,,,
2026-07-02 20:04:42,3659.2292823791504,41.187,26.25,0.5857916666666668,10.0,0.0,,,,,,
2026-07-02 20:04:44,3661.0186281204224,41.187,26.375,0.5913958333333333,10.0,0.0,,,,,,
2026-07-02 20:04:46,3662.8148436546326,41.125,26.375,0.5915625000000001,10.0,0.0,,,,,,
2026-07-02 20:04:48,3664.634605884552,41.062,26.375,0.5930416666666667,10.0,0.0,,,,,,
2026-07-02 20:04:50,3666.4267313480377,41.062,26.375,0.5968125000000001,10.0,0.0,,,,,,
2026-07-02 20:04:51,3668.2505016326904,41.0,26.25,0.5314791666666667,10.0,0.0,,,,,,
2026-07-02 20:04:53,3670.043165206909,40.937,26.375,0.5340000000000001,10.0,0.0,,,,,,
2026-07-02 20:04:55,3671.833913087845,40.937,26.375,0.5573125000000001,10.0,0.0,,,,,,
2026-07-02 20:04:57,3673.6305713653564,40.875,26.375,0.5951666666666667,10.0,0.0,,,,,,
2026-07-02 20:04:59,3675.4506072998047,40.875,26.375,0.5897083333333334,10.0,0.0,,,,,,
2026-07-02 20:05:00,3677.242626428604,40.812,26.375,0.5812916666666668,10.0,0.0,,,,,,
2026-07-02 20:05:02,3679.0386307239532,40.812,26.375,0.5308541666666667,10.0,0.0,,,,,,
2026-07-02 20:05:04,3680.8579635620117,40.75,26.25,0.5346458333333334,10.0,0.0,,,,,,
2026-07-02 20:05:06,3682.6499738693237,40.75,26.375,0.5973958333333333,10.0,0.0,,,,,,
2026-07-02 20:05:08,3684.446549654007,40.687,26.25,0.5931041666666667,10.0,0.0,,,,,,
2026-07-02 20:05:09,3686.2707648277283,40.625,26.375,0.5335208333333334,10.0,0.0,,,,,,
2026-07-02 20:05:11,3688.089921236038,40.625,26.375,0.5330625000000001,10.0,0.0,,,,,,
2026-07-02 20:05:13,3689.8819477558136,40.562,26.375,0.5913333333333334,10.0,0.0,,,,,,
2026-07-02 20:05:15,3691.6792545318604,40.5,26.375,0.5351041666666667,10.0,0.0,,,,,,
2026-07-02 20:05:17,3693.4979684352875,40.5,26.375,0.5348958333333335,10.0,0.0,,,,,,
2026-07-02 20:05:18,3695.28999209404,40.437,26.375,0.5692500000000001,10.0,0.0,,,,,,
2026-07-02 20:05:20,3697.0880630016327,40.437,26.375,0.5377500000000001,10.0,0.0,,,,,,
2026-07-02 20:05:22,3698.9060084819794,40.375,26.375,0.539,10.0,0.0,,,,,,
2026-07-02 20:05:24,3700.698009490967,40.375,26.375,0.5884791666666667,10.0,0.0,,,,,,
2026-07-02 20:05:26,3702.490692138672,40.375,26.375,0.5366458333333335,10.0,0.0,,,,,,
2026-07-02 20:05:27,3704.2819743156433,40.375,26.375,0.5354375,10.0,0.0,,,,,,
2026-07-02 20:05:29,3706.0739166736603,40.312,26.375,0.5909791666666667,10.0,0.0,,,,,,
2026-07-02 20:05:31,3707.8665449619293,40.312,26.375,0.5927708333333334,10.0,0.0,,,,,,
2026-07-02 20:05:33,3709.6586384773254,40.25,26.375,0.5886666666666668,10.0,0.0,,,,,,
2026-07-02 20:05:35,3711.4548292160034,40.25,26.375,0.5386666666666667,10.0,0.0,,,,,,
2026-07-02 20:05:36,3713.2752130031586,40.187,26.375,0.5305000000000001,10.0,0.0,,,,,,
2026-07-02 20:05:38,3715.0659563541412,40.187,26.375,0.5753125,10.0,0.0,,,,,,
2026-07-02 20:05:40,3716.858738899231,40.187,26.375,1.0313333333333334,20.0,0.0,,,,,,
2026-07-02 20:05:42,3718.6534476280212,40.187,26.375,1.018375,20.0,0.0,,,,,,
2026-07-02 20:05:44,3720.443268060684,40.187,26.25,1.0609583333333334,20.0,0.0,,,,,,
2026-07-02 20:05:45,3722.234634399414,40.125,26.25,1.0142291666666667,20.0,0.0,,,,,,
2026-07-02 20:05:47,3724.0677347183228,40.125,26.375,1.0133958333333335,20.0,0.0,,,,,,
2026-07-02 20:05:49,3725.882122039795,40.125,26.25,1.0466666666666669,20.0,0.0,,,,,,
2026-07-02 20:05:51,3727.6746048927307,40.125,26.25,1.0118333333333336,20.0,0.0,,,,,,
2026-07-02 20:05:53,3729.467319726944,40.062,26.25,1.0088125000000001,20.0,0.0,,,,,,
2026-07-02 20:05:54,3731.261992454529,40.062,26.25,1.0301666666666667,20.0,0.0,,,,,,
2026-07-02 20:05:56,3733.0906364917755,40.062,26.25,1.0064791666666668,20.0,0.0,,,,,,
2026-07-02 20:05:58,3734.9061205387115,40.062,26.25,1.0076041666666669,20.0,0.0,,,,,,
2026-07-02 20:06:00,3736.6979937553406,40.062,26.25,1.0416458333333334,20.0,0.0,,,,,,
2026-07-02 20:06:02,3738.4904441833496,40.0,26.25,1.0090208333333335,20.0,0.0,,,,,,
2026-07-02 20:06:03,3740.281935930252,40.0,26.125,1.0038333333333336,20.0,0.0,,,,,,
2026-07-02 20:06:05,3742.0739023685455,40.0,26.25,1.0359375000000002,20.0,0.0,,,,,,
2026-07-02 20:06:07,3743.8984944820404,40.0,26.125,1.0086041666666667,20.0,0.0,,,,,,
2026-07-02 20:06:09,3745.696503162384,40.0,26.125,1.0124166666666667,20.0,0.0,,,,,,
2026-07-02 20:06:11,3747.5141899585724,40.0,26.125,1.0630625,20.0,0.0,,,,,,
2026-07-02 20:06:12,3749.3066489696503,40.0,26.125,1.0051458333333334,20.0,0.0,,,,,,
2026-07-02 20:06:14,3751.1035754680634,40.0,26.25,1.01425,20.0,0.0,,,,,,
2026-07-02 20:06:16,3752.9220123291016,40.0,26.125,1.0608125000000002,20.0,0.0,,,,,,
2026-07-02 20:06:18,3754.716250896454,40.0,26.125,1.0097083333333334,20.0,0.0,,,,,,
2026-07-02 20:06:20,3756.50595498085,40.0,26.125,1.0054166666666668,20.0,0.0,,,,,,
2026-07-02 20:06:21,3758.2978949546814,40.0,26.125,1.0333958333333335,20.0,0.0,,,,,,
2026-07-02 20:06:23,3760.094522714615,40.0,26.125,1.0069583333333334,20.0,0.0,,,,,,
2026-07-02 20:06:25,3761.9139778614044,40.062,26.125,1.0091458333333334,20.0,0.0,,,,,,
2026-07-02 20:06:27,3763.7060708999634,40.062,26.125,1.0584166666666668,20.0,0.0,,,,,,
2026-07-02 20:06:29,3765.4985189437866,40.062,26.125,1.0084375,20.0,0.0,,,,,,
2026-07-02 20:06:30,3767.2927479743958,40.062,26.125,1.0072291666666668,20.0,0.0,,,,,,
2026-07-02 20:06:32,3769.08603143692,40.125,26.0,1.0581875,20.0,0.0,,,,,,
2026-07-02 20:06:34,3770.906508922577,40.125,26.125,1.006,20.0,0.0,,,,,,
2026-07-02 20:06:36,3772.698004245758,40.125,26.125,1.0055208333333334,20.0,0.0,,,,,,
2026-07-02 20:06:38,3774.489965438843,40.125,26.125,1.0371458333333334,20.0,0.0,,,,,,
2026-07-02 20:06:39,3776.2825033664703,40.187,26.125,1.007125,20.0,0.0,,,,,,
2026-07-02 20:06:41,3778.077475786209,40.187,26.125,1.0101666666666669,20.0,0.0,,,,,,
2026-07-02 20:06:43,3779.898002386093,40.187,26.125,1.0561041666666666,20.0,0.0,,,,,,
2026-07-02 20:06:45,3781.6906039714813,40.187,26.125,1.0047708333333334,20.0,0.0,,,,,,
2026-07-02 20:06:47,3783.4871990680695,40.25,26.125,1.0075833333333335,20.0,0.0,,,,,,
2026-07-02 20:06:48,3785.305976867676,40.187,26.125,1.0361041666666668,20.0,0.0,,,,,,
2026-07-02 20:06:50,3787.0986182689667,40.25,26.125,1.0041458333333335,20.0,0.0,,,,,,
2026-07-02 20:06:52,3788.890045404434,40.187,26.125,1.0044791666666668,20.0,0.0,,,,,,
2026-07-02 20:06:54,3790.6821672916412,40.187,26.125,1.0231875000000001,20.0,0.0,,,,,,
2026-07-02 20:06:56,3792.4744169712067,40.187,26.125,1.0080000000000002,20.0,0.0,,,,,,
2026-07-02 20:06:57,3794.2675993442535,40.25,26.125,1.0051458333333334,20.0,0.0,,,,,,
2026-07-02 20:06:59,3796.0579001903534,40.25,26.125,1.0596458333333334,20.0,0.0,,,,,,
2026-07-02 20:07:01,3797.8523921966553,40.25,26.125,1.0042916666666668,20.0,0.0,,,,,,
2026-07-02 20:07:03,3799.6420447826385,40.25,26.125,1.0028125,20.0,0.0,,,,,,
2026-07-02 20:07:05,3801.434053182602,40.25,26.125,1.0646041666666668,20.0,0.0,,,,,,
2026-07-02 20:07:06,3803.2586059570312,40.312,26.125,1.0037916666666669,20.0,0.0,,,,,,
2026-07-02 20:07:08,3805.0501041412354,40.312,26.125,1.0058958333333334,20.0,0.0,,,,,,
2026-07-02 20:07:10,3806.842018842697,40.312,26.125,1.0289375,20.0,0.0,,,,,,
2026-07-02 20:07:12,3808.634590625763,40.312,26.125,1.0040625,20.0,0.0,,,,,,
2026-07-02 20:07:14,3810.4587705135345,40.375,26.125,1.0052708333333333,20.0,0.0,,,,,,
2026-07-02 20:07:15,3812.2819027900696,40.375,26.125,1.0470625000000002,20.0,0.0,,,,,,
2026-07-02 20:07:17,3814.0747475624084,40.437,26.125,1.0589583333333334,20.0,0.0,,,,,,
2026-07-02 20:07:19,3815.8750171661377,40.437,26.125,1.0029791666666668,20.0,0.0,,,,,,
2026-07-02 20:07:21,3817.6899757385254,40.437,26.125,1.0048958333333335,20.0,0.0,,,,,,
2026-07-02 20:07:23,3819.481987953186,40.5,26.125,1.0587500000000003,20.0,0.0,,,,,,
2026-07-02 20:07:24,3821.2844862937927,40.5,26.125,1.0013333333333334,20.0,0.0,,,,,,
2026-07-02 20:07:26,3823.097977876663,40.5,26.125,1.004916666666667,20.0,0.0,,,,,,
2026-07-02 20:07:28,3824.894284725189,40.562,26.125,1.0333750000000002,20.0,0.0,,,,,,
2026-07-02 20:07:30,3826.7158410549164,40.562,26.125,1.0031875000000001,20.0,0.0,,,,,,
2026-07-02 20:07:32,3828.5379145145416,40.625,26.125,1.0038125000000002,20.0,0.0,,,,,,
2026-07-02 20:07:33,3830.329915523529,40.625,26.125,1.0272708333333334,20.0,0.0,,,,,,
2026-07-02 20:07:35,3832.1238782405853,40.687,26.125,1.0037708333333335,20.0,0.0,,,,,,
2026-07-02 20:07:37,3833.91397023201,40.687,26.125,0.9887291666666668,20.0,0.0,,,,,,
2026-07-02 20:07:39,3835.706091403961,40.687,26.125,1.0326458333333335,20.0,0.0,,,,,,
2026-07-02 20:07:41,3837.4985399246216,40.75,26.125,1.0354791666666667,20.0,0.0,,,,,,
2026-07-02 20:07:42,3839.294615507126,40.75,26.125,1.0083125000000002,20.0,0.0,,,,,,
2026-07-02 20:07:44,3841.1139681339264,40.75,26.125,0.9987500000000001,20.0,0.0,,,,,,
2026-07-02 20:07:46,3842.9060537815094,40.75,26.125,1.0356041666666669,20.0,0.0,,,,,,
2026-07-02 20:07:48,3844.698637008667,40.812,26.125,1.0592916666666667,20.0,0.0,,,,,,
2026-07-02 20:07:50,3846.5224173069,40.812,26.125,1.0573125,20.0,0.0,,,,,,
2026-07-02 20:07:51,3848.3170709609985,40.875,26.125,1.0002708333333334,20.0,0.0,,,,,,
2026-07-02 20:07:53,3850.1059374809265,40.875,26.125,1.0006458333333335,20.0,0.0,,,,,,
2026-07-02 20:07:55,3851.9179689884186,40.875,26.125,1.0556875000000001,20.0,0.0,,,,,,
2026-07-02 20:07:57,3853.723066329956,40.937,26.125,1.0589791666666668,20.0,0.0,,,,,,
2026-07-02 20:07:59,3855.5145025253296,40.937,26.25,0.9996041666666667,20.0,0.0,,,,,,
2026-07-02 20:08:00,3857.306023836136,41.0,26.125,0.9997291666666668,20.0,0.0,,,,,,
2026-07-02 20:08:02,3859.1039474010468,41.0,26.125,1.0478541666666668,20.0,0.0,,,,,,
2026-07-02 20:08:04,3860.926865339279,41.0,26.125,1.0365833333333334,20.0,0.0,,,,,,
2026-07-02 20:08:06,3862.7466893196106,41.062,26.125,1.0000000000000002,20.0,0.0,,,,,,
2026-07-02 20:08:08,3864.53799366951,41.062,26.125,1.0025833333333334,20.0,0.0,,,,,,
2026-07-02 20:08:09,3866.333909034729,41.062,26.125,1.0334166666666669,20.0,0.0,,,,,,
2026-07-02 20:08:11,3868.1545350551605,41.062,26.125,0.9996458333333335,20.0,0.0,,,,,,
2026-07-02 20:08:13,3869.9459743499756,41.062,26.125,1.0001041666666668,20.0,0.0,,,,,,
2026-07-02 20:08:15,3871.738226890564,41.125,26.125,1.0321250000000002,20.0,0.0,,,,,,
2026-07-02 20:08:17,3873.534515619278,41.125,26.125,1.0531458333333334,20.0,0.0,,,,,,
2026-07-02 20:08:19,3875.360193490982,41.187,26.25,1.0011458333333334,20.0,0.0,,,,,,
2026-07-02 20:08:20,3877.1781737804413,41.187,26.125,0.9990208333333334,20.0,0.0,,,,,,
2026-07-02 20:08:22,3878.9700949192047,41.187,26.25,1.0331041666666667,20.0,0.0,,,,,,
2026-07-02 20:08:24,3880.7665967941284,41.187,26.125,1.0033333333333334,20.0,0.0,,,,,,
2026-07-02 20:08:26,3882.590119600296,41.25,26.125,1.0030208333333335,20.0,0.0,,,,,,
2026-07-02 20:08:28,3884.410858154297,41.25,26.25,1.0341250000000002,20.0,0.0,,,,,,
2026-07-02 20:08:29,3886.2158975601196,41.312,26.125,1.0016250000000002,20.0,0.0,,,,,,
2026-07-02 20:08:31,3888.025963306427,41.312,26.25,1.0064375,20.0,0.0,,,,,,
2026-07-02 20:08:33,3889.818168401718,41.312,26.25,1.0515625000000002,20.0,0.0,,,,,,
2026-07-02 20:08:35,3891.6171567440033,41.375,26.25,1.0002708333333334,20.0,0.0,,,,,,
2026-07-02 20:08:37,3893.442132949829,41.375,26.25,1.0015208333333334,20.0,0.0,,,,,,
2026-07-02 20:08:38,3895.258004426956,41.375,26.25,1.0208125000000001,20.0,0.0,,,,,,
2026-07-02 20:08:40,3897.0532462596893,41.375,26.25,0.9979583333333335,20.0,0.0,,,,,,
2026-07-02 20:08:42,3898.841999769211,41.437,26.25,0.9994791666666668,20.0,0.0,,,,,,
2026-07-02 20:08:44,3900.633939743042,41.437,26.25,1.0549791666666668,20.0,0.0,,,,,,
2026-07-02 20:08:46,3902.4300746917725,41.437,26.125,0.9992083333333335,20.0,0.0,,,,,,
2026-07-02 20:08:47,3904.2499434947968,41.437,26.125,1.0000416666666667,20.0,0.0,,,,,,
2026-07-02 20:08:49,3906.041920900345,41.5,26.25,1.0469791666666668,20.0,0.0,,,,,,
2026-07-02 20:08:51,3907.8344728946686,41.5,26.25,0.9978958333333334,20.0,0.0,,,,,,
2026-07-02 20:08:53,3909.6260051727295,41.5,26.25,0.9986041666666667,20.0,0.0,,,,,,
2026-07-02 20:08:55,3911.422557115555,41.5,26.25,1.036354166666667,20.0,0.0,,,,,,
2026-07-02 20:08:56,3913.2442665100098,41.562,26.25,1.0382291666666668,20.0,0.0,,,,,,
2026-07-02 20:08:58,3915.0345022678375,41.562,26.25,0.9966458333333335,20.0,0.0,,,,,,
2026-07-02 20:09:00,3916.825984954834,41.562,26.25,0.9978125000000001,20.0,0.0,,,,,,
2026-07-02 20:09:02,3918.6179604530334,41.562,26.25,1.0324583333333335,20.0,0.0,,,,,,
2026-07-02 20:09:04,3920.4105246067047,41.625,26.25,1.0092291666666668,20.0,0.0,,,,,,
2026-07-02 20:09:05,3922.2019369602203,41.625,26.25,0.9971250000000002,20.0,0.0,,,,,,
2026-07-02 20:09:07,3923.9973776340485,41.625,26.25,1.0390833333333334,20.0,0.0,,,,,,
2026-07-02 20:09:09,3925.786723136902,41.625,26.25,1.0003958333333336,20.0,0.0,,,,,,
2026-07-02 20:09:11,3927.6099829673767,41.687,26.375,1.0021041666666668,20.0,0.0,,,,,,
2026-07-02 20:09:13,3929.4068880081177,41.687,26.25,1.0270208333333335,20.0,0.0,,,,,,
2026-07-02 20:09:14,3931.2268147468567,41.687,26.25,0.9980833333333335,20.0,0.0,,,,,,
2026-07-02 20:09:16,3933.0220029354095,41.687,26.25,0.9995208333333334,20.0,0.0,,,,,,
2026-07-02 20:09:18,3934.8419897556305,41.687,26.25,1.0371041666666667,20.0,0.0,,,,,,
2026-07-02 20:09:20,3936.634694337845,41.75,26.25,0.9983958333333335,20.0,0.0,,,,,,
2026-07-02 20:09:22,3938.4259927272797,41.75,26.25,1.0001041666666668,20.0,0.0,,,,,,
2026-07-02 20:09:23,3940.2234103679657,41.75,26.25,1.026,20.0,0.0,,,,,,
2026-07-02 20:09:25,3942.0427191257477,41.75,26.25,4.672000000000001,100.0,1.0,,,,,,
2026-07-02 20:09:27,3943.8339364528656,41.75,26.25,4.423333333333334,100.0,1.0,,,,,,
2026-07-02 20:09:29,3945.6259894371033,41.75,26.25,4.312729166666667,100.0,1.0,,,,,,
2026-07-02 20:09:31,3947.418576002121,41.75,26.25,4.240750000000001,100.0,1.0,,,,,,
2026-07-02 20:09:32,3949.210015773773,41.75,26.25,4.195250000000001,100.0,1.0,,,,,,
2026-07-02 20:09:34,3951.0038430690765,41.75,26.25,4.168291666666668,100.0,1.0,,,,,,
2026-07-02 20:09:36,3952.7975006103516,41.812,26.25,4.134875,100.0,1.0,,,,,,
2026-07-02 20:09:38,3954.585950613022,41.812,26.25,4.111812500000001,100.0,1.0,,,,,,
2026-07-02 20:09:40,3956.3834340572357,41.812,26.25,4.092458333333334,100.0,1.0,,,,,,
2026-07-02 20:09:41,3958.202516078949,41.812,26.25,4.0685625000000005,100.0,1.0,,,,,,
2026-07-02 20:09:43,3960.0458540916443,41.812,26.25,4.049145833333334,100.0,1.0,,,,,,
2026-07-02 20:09:45,3961.85001206398,41.75,26.25,4.034479166666667,100.0,1.0,,,,,,
2026-07-02 20:09:47,3963.6425969600677,41.75,26.25,4.0180625,100.0,1.0,,,,,,
2026-07-02 20:09:49,3965.434010028839,41.687,26.25,4.0006458333333335,100.0,1.0,,,,,,
2026-07-02 20:09:50,3967.233342885971,41.625,26.25,3.988645833333334,100.0,1.0,,,,,,
2026-07-02 20:09:52,3969.050534963608,41.562,26.25,3.975458333333334,100.0,1.0,,,,,,
2026-07-02 20:09:54,3970.842458963394,41.5,26.375,3.9573125000000005,100.0,1.0,,,,,,
2026-07-02 20:09:56,3972.633948802948,41.437,26.25,3.945354166666667,100.0,1.0,,,,,,
2026-07-02 20:09:58,3974.425924539566,41.312,26.375,3.9347500000000006,100.0,1.0,,,,,,
2026-07-02 20:09:59,3976.218536376953,41.25,26.375,3.919708333333334,100.0,1.0,,,,,,
2026-07-02 20:10:01,3978.009951353073,41.125,26.25,3.9081666666666672,100.0,1.0,,,,,,
2026-07-02 20:10:03,3979.8062076568604,41.0,26.25,3.899833333333334,100.0,1.0,,,,,,
2026-07-02 20:10:05,3981.6306121349335,40.875,26.25,3.8877083333333338,100.0,1.0,,,,,,
2026-07-02 20:10:07,3983.4545719623566,40.812,26.25,3.8774375000000005,100.0,1.0,,,,,,
2026-07-02 20:10:08,3985.2741973400116,40.625,26.25,3.8689791666666675,100.0,1.0,,,,,,
2026-07-02 20:10:10,3987.0666329860687,40.5,26.25,3.861541666666667,100.0,1.0,,,,,,
2026-07-02 20:10:12,3988.858732700348,40.375,26.25,3.8494166666666674,100.0,1.0,,,,,,
2026-07-02 20:10:14,3990.6499450206757,40.25,26.25,3.8414375000000005,100.0,1.0,,,,,,
2026-07-02 20:10:16,3992.441942691803,40.125,26.25,3.834520833333334,100.0,1.0,,,,,,
2026-07-02 20:10:17,3994.2371730804443,40.0,26.375,3.8245000000000005,100.0,1.0,,,,,,
2026-07-02 20:10:19,3996.0579195022583,39.875,26.375,3.8162916666666673,100.0,1.0,,,,,,
2026-07-02 20:10:21,3997.849992990494,39.687,26.25,3.811833333333334,100.0,1.0,,,,,,
2026-07-02 20:10:23,3999.6452400684357,39.562,26.25,3.803083333333334,100.0,1.0,,,,,,
2026-07-02 20:10:25,4001.433999300003,39.437,26.375,3.796729166666667,100.0,1.0,,,,,,
2026-07-02 20:10:26,4003.2260353565216,39.25,26.25,3.790354166666667,100.0,1.0,,,,,,
2026-07-02 20:10:28,4005.0291118621826,39.125,26.375,3.783833333333334,100.0,1.0,,,,,,
2026-07-02 20:10:30,4006.842013835907,39.0,26.25,3.7793125,100.0,1.0,,,,,,
2026-07-02 20:10:32,4008.6339251995087,38.812,26.25,3.779270833333334,100.0,1.0,,,,,,
2026-07-02 20:10:34,4010.431170940399,38.687,26.375,3.766083333333334,100.0,1.0,,,,,,
2026-07-02 20:10:35,4012.2499294281006,38.5,26.375,3.7620208333333336,100.0,1.0,,,,,,
2026-07-02 20:10:37,4014.0419883728027,38.375,26.375,3.7615208333333334,100.0,1.0,,,,,,
2026-07-02 20:10:39,4015.8348503112793,38.25,26.375,1.1224791666666667,20.0,0.0,,,,,,
2026-07-02 20:10:41,4017.6259496212006,38.125,26.375,1.0674375,20.0,0.0,,,,,,
2026-07-02 20:10:43,4019.4179985523224,37.937,26.375,1.0582500000000001,20.0,0.0,,,,,,
2026-07-02 20:10:44,4021.214646100998,37.812,26.375,1.0405208333333336,20.0,0.0,,,,,,
2026-07-02 20:10:46,4023.038019180298,37.687,26.375,1.0311041666666667,20.0,0.0,,,,,,
2026-07-02 20:10:48,4024.8580906391144,37.5,26.375,1.0744166666666668,20.0,0.0,,,,,,
2026-07-02 20:10:50,4026.650685071945,37.375,26.375,1.0248125000000001,20.0,0.0,,,,,,
2026-07-02 20:10:52,4028.4418907165527,37.25,26.375,1.02475,20.0,0.0,,,,,,
2026-07-02 20:10:53,4030.2339882850647,37.125,26.5,1.0494375,20.0,0.0,,,,,,
2026-07-02 20:10:55,4032.0321187973022,37.0,26.375,1.0215,20.0,0.0,,,,,,
2026-07-02 20:10:57,4033.850157022476,36.875,26.375,1.0200208333333334,20.0,0.0,,,,,,
2026-07-02 20:10:59,4035.6419882774353,36.812,26.5,1.0773125000000001,20.0,0.0,,,,,,
2026-07-02 20:11:01,4037.4438920021057,36.75,26.5,1.0219375000000002,20.0,0.0,,,,,,
2026-07-02 20:11:02,4039.257975578308,36.625,26.375,1.0188125000000001,20.0,0.0,,,,,,
2026-07-02 20:11:04,4041.053966999054,36.625,26.5,1.0453333333333337,20.0,0.0,,,,,,
2026-07-02 20:11:06,4042.8744263648987,36.562,26.5,1.0604166666666668,20.0,0.0,,,,,,
2026-07-02 20:11:08,4044.6664526462555,36.5,26.5,1.0484166666666668,20.0,0.0,,,,,,
2026-07-02 20:11:10,4046.4624919891357,36.5,26.375,1.0178125000000002,20.0,0.0,,,,,,
2026-07-02 20:11:11,4048.2819888591766,36.437,26.5,1.01475,20.0,0.0,,,,,,
2026-07-02 20:11:13,4050.074127435684,36.437,26.5,1.0505416666666667,20.0,0.0,,,,,,
2026-07-02 20:11:15,4051.866970062256,36.437,26.5,1.014729166666667,20.0,0.0,,,,,,
2026-07-02 20:11:17,4053.661494731903,36.437,26.5,1.0137916666666669,20.0,0.0,,,,,,
2026-07-02 20:11:19,4055.450005531311,36.437,26.5,1.0577708333333333,20.0,0.0,,,,,,
2026-07-02 20:11:20,4057.242811203003,36.5,26.5,1.0137083333333334,20.0,0.0,,,,,,
2026-07-02 20:11:22,4059.062382221222,36.5,26.5,1.0166250000000001,20.0,0.0,,,,,,
2026-07-02 20:11:24,4060.8579983711243,36.562,26.5,1.0612708333333334,20.0,0.0,,,,,,
2026-07-02 20:11:26,4062.6504139900208,36.625,26.5,1.0166875000000002,20.0,0.0,,,,,,
2026-07-02 20:11:28,4064.445479631424,36.625,26.5,1.0137916666666669,20.0,0.0,,,,,,
2026-07-02 20:11:29,4066.2340183258057,36.687,26.5,1.0248125000000001,20.0,0.0,,,,,,
2026-07-02 20:11:31,4068.0288994312286,36.75,26.5,1.0178958333333334,20.0,0.0,,,,,,
2026-07-02 20:11:33,4069.8179903030396,36.75,26.5,1.0124791666666668,20.0,0.0,,,,,,
2026-07-02 20:11:35,4071.6100223064423,36.875,26.5,1.0696458333333334,20.0,0.0,,,,,,
2026-07-02 20:11:37,4073.406824827194,36.875,26.5,1.0171041666666667,20.0,0.0,,,,,,
2026-07-02 20:11:38,4075.229503393173,36.937,26.5,1.0119791666666667,20.0,0.0,,,,,,
2026-07-02 20:11:40,4077.0178983211517,37.0,26.5,1.0453958333333335,20.0,0.0,,,,,,
2026-07-02 20:11:42,4078.810515165329,37.062,26.5,1.011125,20.0,0.0,,,,,,
2026-07-02 20:11:44,4080.606386423111,37.125,26.5,1.0114583333333336,20.0,0.0,,,,,,
2026-07-02 20:11:46,4082.4259457588196,37.187,26.5,1.0486041666666668,20.0,0.0,,,,,,
2026-07-02 20:11:47,4084.218487739563,37.25,26.5,1.0112916666666667,20.0,0.0,,,,,,
2026-07-02 20:11:49,4086.013183116913,37.312,26.5,1.0119791666666667,20.0,0.0,,,,,,
2026-07-02 20:11:51,4087.802018404007,37.375,26.5,1.0603958333333334,20.0,0.0,,,,,,
2026-07-02 20:11:53,4089.598636865616,37.437,26.375,1.0385833333333334,20.0,0.0,,,,,,
2026-07-02 20:11:55,4091.4211900234222,37.5,26.5,1.0115,20.0,0.0,,,,,,
2026-07-02 20:11:56,4093.2101395130157,37.562,26.5,1.0096458333333336,20.0,0.0,,,,,,
2026-07-02 20:11:58,4095.0099363327026,37.625,26.375,1.0378541666666667,20.0,0.0,,,,,,
2026-07-02 20:12:00,4096.826451539993,37.687,26.5,1.0145000000000002,20.0,0.0,,,,,,
2026-07-02 20:12:02,4098.617973327637,37.75,26.5,1.0093333333333334,20.0,0.0,,,,,,
2026-07-02 20:12:04,4100.409950971603,37.875,26.5,1.0391666666666668,20.0,0.0,,,,,,
2026-07-02 20:12:05,4102.211180925369,37.937,26.375,1.0317291666666668,20.0,0.0,,,,,,
2026-07-02 20:12:07,4104.030601739883,38.0,26.375,1.0080625,20.0,0.0,,,,,,
2026-07-02 20:12:09,4105.850051641464,38.062,26.5,1.0109583333333334,20.0,0.0,,,,,,
2026-07-02 20:12:11,4107.644980669022,38.125,26.5,1.054541666666667,20.0,0.0,,,,,,
2026-07-02 20:12:13,4109.4346215724945,38.187,26.375,1.0134375000000002,20.0,0.0,,,,,,
2026-07-02 20:12:14,4111.226005315781,38.25,26.375,1.0085000000000002,20.0,0.0,,,,,,
2026-07-02 20:12:16,4113.021007299423,38.312,26.375,1.0374791666666667,20.0,0.0,,,,,,
2026-07-02 20:12:18,4114.81461930275,38.312,26.375,1.0106458333333335,20.0,0.0,,,,,,
2026-07-02 20:12:20,4116.633981704712,38.375,26.375,1.0079583333333335,20.0,0.0,,,,,,
2026-07-02 20:12:22,4118.427745819092,38.437,26.5,1.0322083333333336,20.0,0.0,,,,,,
2026-07-02 20:12:23,4120.218504190445,38.5,26.375,1.0086458333333335,20.0,0.0,,,,,,
2026-07-02 20:12:25,4122.010180234909,38.562,26.375,1.0134791666666667,20.0,0.0,,,,,,
2026-07-02 20:12:27,4123.802016019821,38.562,26.375,1.0462291666666668,20.0,0.0,,,,,,
2026-07-02 20:12:29,4125.594938993454,38.687,26.375,1.0068541666666668,20.0,0.0,,,,,,
2026-07-02 20:12:31,4127.386021137238,38.687,26.375,1.0093958333333335,20.0,0.0,,,,,,
2026-07-02 20:12:32,4129.181415081024,38.75,26.375,1.0366458333333335,20.0,0.0,,,,,,
2026-07-02 20:12:34,4130.974490642548,38.812,26.375,1.0084583333333335,20.0,0.0,,,,,,
2026-07-02 20:12:36,4132.794005393982,38.875,26.375,1.00725,20.0,0.0,,,,,,
2026-07-02 20:12:38,4134.590919494629,38.875,26.375,1.0544166666666668,20.0,0.0,,,,,,
2026-07-02 20:12:40,4136.41454744339,38.937,26.375,1.0465416666666667,20.0,0.0,,,,,,
2026-07-02 20:12:41,4138.234548568726,39.0,26.375,1.0094583333333333,20.0,0.0,,,,,,
2026-07-02 20:12:43,4140.029576301575,39.062,26.375,1.0068541666666668,20.0,0.0,,,,,,
2026-07-02 20:12:45,4141.850009679794,39.125,26.375,1.0377916666666667,20.0,0.0,,,,,,
2026-07-02 20:12:47,4143.646645069122,39.125,26.375,1.0063958333333334,20.0,0.0,,,,,,
2026-07-02 20:12:49,4145.471072435379,39.187,26.375,1.0060625,20.0,0.0,,,,,,
2026-07-02 20:12:50,4147.290012121201,39.25,26.375,1.0488958333333336,20.0,0.0,,,,,,
2026-07-02 20:12:52,4149.087918519974,39.312,26.375,1.0046666666666668,20.0,0.0,,,,,,
2026-07-02 20:12:54,4150.905935764313,39.375,26.375,1.0059166666666668,20.0,0.0,,,,,,
2026-07-02 20:12:56,4152.6978969573975,39.375,26.5,1.0600625000000001,20.0,0.0,,,,,,
2026-07-02 20:12:58,4154.490529060364,39.437,26.5,1.0096041666666669,20.0,0.0,,,,,,
2026-07-02 20:12:59,4156.282330989838,39.437,26.375,1.0061250000000002,20.0,0.0,,,,,,
2026-07-02 20:13:01,4158.073966026306,39.5,26.375,1.0333750000000002,20.0,0.0,,,,,,
2026-07-02 20:13:03,4159.86660194397,39.562,26.5,1.0039791666666669,20.0,0.0,,,,,,
2026-07-02 20:13:05,4161.65877866745,39.562,26.375,1.0081875,20.0,0.0,,,,,,
2026-07-02 20:13:07,4163.481979608536,39.625,26.5,1.0370833333333334,20.0,0.0,,,,,,
2026-07-02 20:13:08,4165.278799057007,39.687,26.375,1.0049791666666668,20.0,0.0,,,,,,
2026-07-02 20:13:10,4167.100914955139,39.687,26.5,1.0053750000000001,20.0,0.0,,,,,,
2026-07-02 20:13:12,4168.889899969101,39.75,26.5,1.0520208333333334,20.0,0.0,,,,,,
2026-07-02 20:13:14,4170.6824362277985,39.812,26.5,1.0063958333333334,20.0,0.0,,,,,,
2026-07-02 20:13:16,4172.479574680328,39.812,26.5,0.5228333333333334,10.0,0.0,,,,,,
2026-07-02 20:13:17,4174.3019323349,39.875,26.5,0.5805208333333334,10.0,0.0,,,,,,
2026-07-02 20:13:19,4176.123114824295,39.875,26.5,0.5485833333333333,10.0,0.0,,,,,,
2026-07-02 20:13:21,4177.914534568787,39.875,26.5,0.5307291666666668,10.0,0.0,,,,,,
2026-07-02 20:13:23,4179.706905603409,39.937,26.5,0.5298750000000001,10.0,0.0,,,,,,
2026-07-02 20:13:25,4181.497923374176,40.0,26.5,0.5581458333333335,10.0,0.0,,,,,,
2026-07-02 20:13:26,4183.290560245514,40.0,26.5,0.5320625,10.0,0.0,,,,,,
2026-07-02 20:13:28,4185.081989526749,40.062,26.5,0.5322500000000001,10.0,0.0,,,,,,
2026-07-02 20:13:30,4186.87399148941,40.062,26.5,0.5806666666666668,10.0,0.0,,,,,,
2026-07-02 20:13:32,4188.670549154282,40.062,26.5,0.5353750000000002,10.0,0.0,,,,,,
2026-07-02 20:13:34,4190.489993810654,40.125,26.5,0.5311458333333334,10.0,0.0,,,,,,
2026-07-02 20:13:35,4192.282018661499,40.125,26.5,0.5944166666666667,10.0,0.0,,,,,,
2026-07-02 20:13:37,4194.0762774944305,40.125,26.5,0.5309166666666667,10.0,0.0,,,,,,
2026-07-02 20:13:39,4195.865961551666,40.187,26.5,0.533,10.0,0.0,,,,,,
2026-07-02 20:13:41,4197.662003517151,40.187,26.5,0.5927500000000001,10.0,0.0,,,,,,
2026-07-02 20:13:43,4199.482542514801,40.187,26.5,0.5331875000000001,10.0,0.0,,,,,,
2026-07-02 20:13:44,4201.2739679813385,40.187,26.5,0.5326875000000001,10.0,0.0,,,,,,
2026-07-02 20:13:46,4203.0659968853,40.187,26.5,0.5602083333333334,10.0,0.0,,,,,,
2026-07-02 20:13:48,4204.85852766037,40.187,26.5,0.5352916666666667,10.0,0.0,,,,,,
2026-07-02 20:13:50,4206.650204181671,40.187,26.5,0.5398958333333335,10.0,0.0,,,,,,
2026-07-02 20:13:52,4208.4420337677,40.25,26.5,0.5827083333333334,10.0,0.0,,,,,,
2026-07-02 20:13:53,4210.237593412399,40.25,26.5,0.5754583333333334,10.0,0.0,,,,,,
2026-07-02 20:13:55,4212.062607049942,40.25,26.5,0.5391666666666668,10.0,0.0,,,,,,
2026-07-02 20:13:57,4213.881951093674,40.25,26.5,0.5390833333333335,10.0,0.0,,,,,,
2026-07-02 20:13:59,4215.678010225296,40.25,26.5,0.5898125000000001,10.0,0.0,,,,,,
2026-07-02 20:14:01,4217.498534202576,40.25,26.5,0.5365416666666668,10.0,0.0,,,,,,
2026-07-02 20:14:02,4219.2899606227875,40.187,26.5,0.5338541666666667,10.0,0.0,,,,,,
2026-07-02 20:14:04,4221.087384700775,40.25,26.5,0.5413333333333333,10.0,0.0,,,,,,
2026-07-02 20:14:06,4222.906607627869,40.25,26.5,0.5340416666666667,10.0,0.0,,,,,,
2026-07-02 20:14:08,4224.6980056762695,40.187,26.5,0.5344791666666667,10.0,0.0,,,,,,
2026-07-02 20:14:10,4226.496292114258,40.187,26.5,0.5832291666666668,10.0,0.0,,,,,,
2026-07-02 20:14:11,4228.314667701721,40.187,26.5,0.5605625000000001,10.0,0.0,,,,,,
2026-07-02 20:14:13,4230.138600111008,40.187,26.5,0.5756666666666667,10.0,0.0,,,,,,
2026-07-02 20:14:15,4231.93053650856,40.187,26.5,0.596,10.0,0.0,,,,,,
2026-07-02 20:14:17,4233.723915338516,40.125,26.5,0.5337708333333333,10.0,0.0,,,,,,
2026-07-02 20:14:19,4235.513951539993,40.125,26.5,0.5401875,10.0,0.0,,,,,,
2026-07-02 20:14:20,4237.307910203934,40.125,26.375,0.5928333333333334,10.0,0.0,,,,,,
2026-07-02 20:14:22,4239.098797559738,40.125,26.5,0.5367291666666667,10.0,0.0,,,,,,
2026-07-02 20:14:24,4240.889988660812,40.062,26.5,0.5371875,10.0,0.0,,,,,,
2026-07-02 20:14:26,4242.702083110809,40.062,26.5,0.5844375,10.0,0.0,,,,,,
2026-07-02 20:14:28,4244.510801315308,40.062,26.5,0.5366250000000001,10.0,0.0,,,,,,
2026-07-02 20:14:29,4246.330017089844,40.062,26.5,0.5416875000000001,10.0,0.0,,,,,,
2026-07-02 20:14:31,4248.125111341476,40.0,26.5,0.5734166666666668,10.0,0.0,,,,,,
2026-07-02 20:14:33,4249.914542675018,40.0,26.5,0.535625,10.0,0.0,,,,,,
2026-07-02 20:14:35,4251.707417726517,40.0,26.5,0.5345833333333333,10.0,0.0,,,,,,
2026-07-02 20:14:37,4253.501230716705,39.937,26.5,0.5819375000000001,10.0,0.0,,,,,,
2026-07-02 20:14:38,4255.3264310359955,40.0,26.5,0.5351250000000001,10.0,0.0,,,,,,
2026-07-02 20:14:40,4257.145979166031,39.937,26.5,0.5355208333333333,10.0,0.0,,,,,,
2026-07-02 20:14:42,4258.938022136688,39.937,26.5,0.5990416666666667,10.0,0.0,,,,,,
2026-07-02 20:14:44,4260.731173753738,39.937,26.375,0.5350625,10.0,0.0,,,,,,
2026-07-02 20:14:46,4262.522003412247,39.875,26.5,0.53425,10.0,0.0,,,,,,
2026-07-02 20:14:47,4264.31400847435,39.875,26.375,0.5957083333333334,10.0,0.0,,,,,,
2026-07-02 20:14:49,4266.110577821732,39.875,26.375,0.5330625000000001,10.0,0.0,,,,,,
2026-07-02 20:14:51,4267.9299104213715,39.812,26.375,0.5355625,10.0,0.0,,,,,,
2026-07-02 20:14:53,4269.721928834915,39.812,26.5,0.5792291666666667,10.0,0.0,,,,,,
2026-07-02 20:14:55,4271.518550872803,39.812,26.5,0.5418333333333334,10.0,0.0,,,,,,
2026-07-02 20:14:56,4273.341960191727,39.75,26.5,0.5347291666666667,10.0,0.0,,,,,,
2026-07-02 20:14:58,4275.165390014648,39.75,26.375,0.5857916666666668,10.0,0.0,,,,,,
2026-07-02 20:15:00,4276.954817533493,39.687,26.5,0.5965625000000001,10.0,0.0,,,,,,
2026-07-02 20:15:02,4278.750976324081,39.687,26.375,0.5340625000000001,10.0,0.0,,,,,,
2026-07-02 20:15:04,4280.572850942612,39.687,26.375,0.5375208333333333,10.0,0.0,,,,,,
2026-07-02 20:15:05,4282.361978292465,39.625,26.375,0.5935208333333334,10.0,0.0,,,,,,
2026-07-02 20:15:07,4284.158960819244,39.625,26.375,2.6197083333333335,50.0,1.0,,,,,,
2026-07-02 20:15:09,4285.978626966476,39.625,26.375,2.490895833333334,50.0,1.0,,,,,,
2026-07-02 20:15:11,4287.7701587677,39.562,26.375,2.459729166666667,50.0,1.0,,,,,,
2026-07-02 20:15:13,4289.561938285828,39.562,26.375,2.4564375000000003,50.0,1.0,,,,,,
2026-07-02 20:15:15,4291.361067771912,39.562,26.375,2.456979166666667,50.0,1.0,,,,,,
2026-07-02 20:15:16,4293.183967113495,39.562,26.375,2.453166666666667,50.0,1.0,,,,,,
2026-07-02 20:15:18,4295.00279378891,39.5,26.375,2.409791666666667,50.0,1.0,,,,,,
2026-07-02 20:15:20,4296.794054985046,39.5,26.25,2.401916666666667,50.0,1.0,,,,,,
2026-07-02 20:15:22,4298.585981845856,39.437,26.25,2.4341250000000003,50.0,1.0,,,,,,
2026-07-02 20:15:24,4300.378499984741,39.437,26.25,2.4291875000000003,50.0,1.0,,,,,,
2026-07-02 20:15:25,4302.170544624329,39.375,26.25,2.3845208333333336,50.0,1.0,,,,,,
2026-07-02 20:15:27,4303.993913650513,39.312,26.375,2.3796250000000003,50.0,1.0,,,,,,
2026-07-02 20:15:29,4305.786133050919,39.25,26.375,2.4282708333333334,50.0,1.0,,,,,,
2026-07-02 20:15:31,4307.618043899536,39.25,26.25,2.370479166666667,50.0,1.0,,,,,,
2026-07-02 20:15:33,4309.433992624283,39.187,26.25,2.367458333333334,50.0,1.0,,,,,,
2026-07-02 20:15:34,4311.25798368454,39.125,26.25,2.396875,50.0,1.0,,,,,,
2026-07-02 20:15:36,4313.057699680328,39.062,26.375,2.361583333333334,50.0,1.0,,,,,,
2026-07-02 20:15:38,4314.878046751022,39.0,26.25,2.3525625000000003,50.0,1.0,,,,,,
2026-07-02 20:15:40,4316.69801568985,38.875,26.25,2.354625,50.0,1.0,,,,,,
2026-07-02 20:15:42,4318.496092557907,38.812,26.25,2.3941041666666667,50.0,1.0,,,,,,
2026-07-02 20:15:43,4320.314442157745,38.75,26.25,2.38825,50.0,1.0,,,,,,
2026-07-02 20:15:45,4322.110538959503,38.687,26.25,2.3414791666666672,50.0,1.0,,,,,,
2026-07-02 20:15:47,4323.93008685112,38.625,26.25,2.3347708333333337,50.0,1.0,,,,,,
2026-07-02 20:15:49,4325.7226231098175,38.5,26.25,2.3630625000000003,50.0,1.0,,,,,,
2026-07-02 20:15:51,4327.5146484375,38.437,26.25,2.3829375,50.0,1.0,,,,,,
2026-07-02 20:15:52,4329.319023370743,38.375,26.25,2.3503750000000005,50.0,1.0,,,,,,
2026-07-02 20:15:54,4331.1306138038635,38.25,26.25,2.3240625,50.0,1.0,,,,,,
2026-07-02 20:15:56,4332.925992012024,38.187,26.125,2.320979166666667,50.0,1.0,,,,,,
2026-07-02 20:15:58,4334.746035814285,38.062,26.125,2.3658750000000004,50.0,1.0,,,,,,
2026-07-02 20:16:00,4336.538622379303,38.0,26.25,2.317125,50.0,1.0,,,,,,
2026-07-02 20:16:01,4338.329942941666,37.937,26.125,2.317541666666667,50.0,1.0,,,,,,
2026-07-02 20:16:03,4340.121989488602,37.812,26.125,2.3359375000000004,50.0,1.0,,,,,,
2026-07-02 20:16:05,4341.922443389893,37.75,26.125,2.362979166666667,50.0,1.0,,,,,,
2026-07-02 20:16:07,4343.738785266876,37.625,26.125,2.348166666666667,50.0,1.0,,,,,,
2026-07-02 20:16:09,4345.562628984451,37.562,26.125,2.3117708333333336,50.0,1.0,,,,,,
2026-07-02 20:16:10,4347.354015827179,37.437,26.0,2.304041666666667,50.0,1.0,,,,,,
2026-07-02 20:16:12,4349.145998001099,37.375,26.125,2.329895833333334,50.0,1.0,,,,,,
2026-07-02 20:16:14,4350.938517332077,37.312,26.125,2.3545000000000003,50.0,1.0,,,,,,
2026-07-02 20:16:16,4352.780019760132,37.187,26.125,2.3022500000000004,50.0,1.0,,,,,,
2026-07-02 20:16:18,4354.591393947601,37.125,26.0,2.3000625,50.0,1.0,,,,,,
2026-07-02 20:16:20,4356.4101486206055,37.0,26.0,2.3415833333333333,50.0,1.0,,,,,,
2026-07-02 20:16:21,4358.202717542648,36.937,26.0,2.295875,50.0,1.0,,,,,,
2026-07-02 20:16:23,4359.995097398758,36.875,26.0,2.2953125,50.0,1.0,,,,,,
2026-07-02 20:16:25,4361.786291360855,36.75,26.0,2.347604166666667,50.0,1.0,,,,,,
2026-07-02 20:16:27,4363.614619731903,36.687,26.0,2.290854166666667,50.0,1.0,,,,,,
2026-07-02 20:16:29,4365.434206485748,36.562,26.0,2.2915208333333337,50.0,1.0,,,,,,
2026-07-02 20:16:30,4367.226008176804,36.5,26.0,2.3117708333333336,50.0,1.0,,,,,,
2026-07-02 20:16:32,4369.022809505463,36.437,26.0,2.337791666666667,50.0,1.0,,,,,,
2026-07-02 20:16:34,4370.842777967453,36.375,26.125,2.2855833333333337,50.0,1.0,,,,,,
2026-07-02 20:16:36,4372.634008407593,36.25,26.125,2.289708333333334,50.0,1.0,,,,,,
2026-07-02 20:16:38,4374.425935268402,36.187,26.125,2.3235,50.0,1.0,,,,,,
2026-07-02 20:16:39,4376.218573331833,36.125,26.125,2.2868333333333335,50.0,1.0,,,,,,
2026-07-02 20:16:41,4378.009935617447,36.0,26.125,2.2844583333333337,50.0,1.0,,,,,,
2026-07-02 20:16:43,4379.802287578583,35.937,26.125,2.718833333333334,60.0,1.0,,,,,,
2026-07-02 20:16:45,4381.630570411682,35.875,26.25,2.7185208333333337,60.0,1.0,,,,,,
2026-07-02 20:16:47,4383.450645685196,35.75,26.25,2.7142500000000003,60.0,1.0,,,,,,
2026-07-02 20:16:48,4385.246677875519,35.687,26.25,2.6731458333333338,60.0,1.0,,,,,,
2026-07-02 20:16:50,4387.067422151566,35.625,26.25,2.650854166666667,60.0,1.0,,,,,,
2026-07-02 20:16:52,4388.893967151642,35.562,26.375,2.6522083333333337,60.0,1.0,,,,,,
2026-07-02 20:16:54,4390.718284368515,35.437,26.25,2.677291666666667,60.0,1.0,,,,,,
2026-07-02 20:16:56,4392.5423192977905,35.375,26.375,2.6447500000000006,60.0,1.0,,,,,,
2026-07-02 20:16:57,4394.361984729767,35.312,26.375,2.643395833333334,60.0,1.0,,,,,,
2026-07-02 20:16:59,4396.154004812241,35.25,26.375,2.6839375000000003,60.0,1.0,,,,,,
2026-07-02 20:17:01,4397.950637817383,35.187,26.375,2.638104166666667,60.0,1.0,,,,,,
2026-07-02 20:17:03,4399.770040512085,35.062,26.5,2.6365000000000007,60.0,1.0,,,,,,
2026-07-02 20:17:05,4401.562164306641,35.0,26.5,2.6870625000000006,60.0,1.0,,,,,,
2026-07-02 20:17:07,4403.35844039917,34.937,26.5,2.634541666666667,60.0,1.0,,,,,,
2026-07-02 20:17:08,4405.177950143814,34.875,26.5,2.630041666666667,60.0,1.0,,,,,,
2026-07-02 20:17:10,4406.96994972229,34.812,26.5,2.6835416666666667,60.0,1.0,,,,,,
2026-07-02 20:17:12,4408.767213344574,34.75,26.5,2.6297083333333338,60.0,1.0,,,,,,
2026-07-02 20:17:14,4410.586009979248,34.687,26.5,2.6297708333333336,60.0,1.0,,,,,,
2026-07-02 20:17:16,4412.37801361084,34.625,26.5,2.6535,60.0,1.0,,,,,,
2026-07-02 20:17:17,4414.177191019058,34.562,26.5,2.6245208333333334,60.0,1.0,,,,,,
2026-07-02 20:17:19,4415.994189500809,34.5,26.625,2.6248125000000004,60.0,1.0,,,,,,
2026-07-02 20:17:21,4417.810064792633,34.437,26.625,2.6438333333333337,60.0,1.0,,,,,,
2026-07-02 20:17:23,4419.610651254654,34.375,26.625,2.6205625,60.0,1.0,,,,,,
2026-07-02 20:17:25,4421.4068875312805,34.25,26.625,2.622020833333334,60.0,1.0,,,,,,
2026-07-02 20:17:26,4423.225924730301,34.187,26.625,2.6480625000000004,60.0,1.0,,,,,,
2026-07-02 20:17:28,4425.0226447582245,34.125,26.625,2.620666666666667,60.0,1.0,,,,,,
2026-07-02 20:17:30,4426.841960906982,34.062,26.625,2.619604166666667,60.0,1.0,,,,,,
2026-07-02 20:17:32,4428.666144609451,34.0,26.625,2.6640208333333337,60.0,1.0,,,,,,
2026-07-02 20:17:34,4430.459323167801,33.937,26.625,2.6176875,60.0,1.0,,,,,,
2026-07-02 20:17:35,4432.250178575516,33.875,26.625,2.6169375000000006,60.0,1.0,,,,,,
2026-07-02 20:17:37,4434.042026281357,33.812,26.625,2.645229166666667,60.0,1.0,,,,,,
2026-07-02 20:17:39,4435.834443807602,33.75,26.625,2.6158333333333337,60.0,1.0,,,,,,
2026-07-02 20:17:41,4437.62618803978,33.687,26.625,2.6172083333333336,60.0,1.0,,,,,,
2026-07-02 20:17:43,4439.417964220047,33.625,26.625,2.638041666666667,60.0,1.0,,,,,,
2026-07-02 20:17:44,4441.210550546646,33.562,26.75,2.6169583333333337,60.0,1.0,,,,,,
2026-07-02 20:17:46,4443.002011537552,33.5,26.75,2.6133333333333337,60.0,1.0,,,,,,
2026-07-02 20:17:48,4444.795014619827,33.437,26.75,2.6622500000000002,60.0,1.0,,,,,,
2026-07-02 20:17:50,4446.58665895462,33.375,26.75,2.657104166666667,60.0,1.0,,,,,,
2026-07-02 20:17:52,4448.410520076752,33.312,26.75,2.6145208333333336,60.0,1.0,,,,,,
2026-07-02 20:17:53,4450.202183246613,33.25,26.75,2.612666666666667,60.0,1.0,,,,,,
2026-07-02 20:17:55,4451.994010925293,33.187,26.75,2.6293958333333336,60.0,1.0,,,,,,
2026-07-02 20:17:57,4453.787726163864,33.125,26.75,2.6356250000000006,60.0,1.0,,,,,,
2026-07-02 20:17:59,4455.57860159874,33.062,26.75,2.612666666666667,60.0,1.0,,,,,,
2026-07-02 20:18:00,4457.3736345767975,33.0,26.75,2.609666666666667,60.0,1.0,,,,,,
2026-07-02 20:18:02,4459.161982297897,32.937,26.75,2.6316458333333337,60.0,1.0,,,,,,
2026-07-02 20:18:04,4460.954528808594,32.937,26.75,2.607791666666667,60.0,1.0,,,,,,
2026-07-02 20:18:06,4462.746134281158,32.812,26.75,2.6092500000000003,60.0,1.0,,,,,,
2026-07-02 20:18:08,4464.538018465042,32.75,26.75,2.634854166666667,60.0,1.0,,,,,,
2026-07-02 20:18:09,4466.3306522369385,32.75,26.75,2.6180208333333335,60.0,1.0,,,,,,
2026-07-02 20:18:11,4468.124698877335,32.687,26.75,2.6141458333333336,60.0,1.0,,,,,,
2026-07-02 20:18:13,4469.914055109024,32.625,26.75,2.649375,60.0,1.0,,,,,,
2026-07-02 20:18:15,4471.738831043243,32.562,26.625,2.6119375000000002,60.0,1.0,,,,,,
2026-07-02 20:18:17,4473.532635688782,32.5,26.75,2.6071041666666672,60.0,1.0,,,,,,
2026-07-02 20:18:18,4475.342037200928,32.437,26.75,2.6461666666666672,60.0,1.0,,,,,,
2026-07-02 20:18:20,4477.153676509857,32.437,26.625,2.6071458333333335,60.0,1.0,,,,,,
2026-07-02 20:18:22,4478.969942569733,32.312,26.625,2.6065833333333335,60.0,1.0,,,,,,
2026-07-02 20:18:24,4480.761970996857,32.312,26.625,2.6202708333333335,60.0,1.0,,,,,,
2026-07-02 20:18:26,4482.5545020103455,32.25,26.75,2.610208333333334,60.0,1.0,,,,,,
2026-07-02 20:18:27,4484.346045017242,32.187,26.75,2.6053125,60.0,1.0,,,,,,
2026-07-02 20:18:29,4486.137971878052,32.187,26.75,2.6343958333333335,60.0,1.0,,,,,,
2026-07-02 20:18:31,4487.930512905121,32.125,26.625,2.6057500000000005,60.0,1.0,,,,,,
2026-07-02 20:18:33,4489.811496019363,32.062,26.75,2.6058958333333337,60.0,1.0,,,,,,
2026-07-02 20:18:35,4491.610014915466,32.0,26.75,2.6521875,60.0,1.0,,,,,,
2026-07-02 20:18:37,4493.402445554733,31.937,26.75,2.6057708333333336,60.0,1.0,,,,,,
2026-07-02 20:18:38,4495.200154066086,31.937,26.75,2.610041666666667,60.0,1.0,,,,,,
2026-07-02 20:18:40,4497.01794052124,31.875,26.75,2.658604166666667,60.0,1.0,,,,,,
2026-07-02 20:18:42,4498.811504602432,31.812,26.75,2.627854166666667,60.0,1.0,,,,,,
2026-07-02 20:18:44,4500.609206199646,31.812,26.75,2.6017083333333337,60.0,1.0,,,,,,
2026-07-02 20:18:46,4502.4260358810425,31.75,26.75,2.603979166666667,60.0,1.0,,,,,,
2026-07-02 20:18:47,4504.218006849289,31.687,26.75,2.6354375000000005,60.0,1.0,,,,,,
2026-07-02 20:18:49,4506.013137578964,31.625,26.75,2.6025625000000003,60.0,1.0,,,,,,
2026-07-02 20:18:51,4507.801991224289,31.625,26.75,2.6053958333333336,60.0,1.0,,,,,,
2026-07-02 20:18:53,4509.593973875046,31.562,26.875,2.643166666666667,60.0,1.0,,,,,,
2026-07-02 20:18:55,4511.386463403702,31.5,26.875,2.6053541666666673,60.0,1.0,,,,,,
2026-07-02 20:18:56,4513.177903175354,31.437,26.875,2.6053541666666673,60.0,1.0,,,,,,
2026-07-02 20:18:58,4514.96998000145,31.437,26.875,2.655145833333334,60.0,1.0,,,,,,
2026-07-02 20:19:00,4516.769125699997,31.375,26.875,2.6040000000000005,60.0,1.0,,,,,,
2026-07-02 20:19:02,4518.585974693298,31.312,27.0,2.6060833333333333,60.0,1.0,,,,,,
2026-07-02 20:19:04,4520.378017425537,31.312,26.875,2.6563958333333337,60.0,1.0,,,,,,
2026-07-02 20:19:05,4522.170534133911,31.25,26.875,2.611541666666667,60.0,1.0,,,,,,
2026-07-02 20:19:07,4523.96602845192,31.187,26.875,2.604541666666667,60.0,1.0,,,,,,
2026-07-02 20:19:09,4525.786003828049,31.125,26.875,2.6334375000000003,60.0,1.0,,,,,,
2026-07-02 20:19:11,4527.578679800034,31.125,26.875,2.603770833333334,60.0,1.0,,,,,,
2026-07-02 20:19:12,4529.370060682297,31.062,26.875,2.6038958333333335,60.0,1.0,,,,,,
2026-07-02 20:19:14,4531.162027359009,31.0,26.875,2.6363125000000003,60.0,1.0,,,,,,
2026-07-02 20:19:16,4532.955402135849,30.937,26.875,2.6035000000000004,60.0,1.0,,,,,,
2026-07-02 20:19:18,4534.745966672897,30.937,26.875,2.603416666666667,60.0,1.0,,,,,,
2026-07-02 20:19:20,4536.538012504578,30.875,26.875,2.657458333333334,60.0,1.0,,,,,,
2026-07-02 20:19:21,4538.330767869949,30.875,26.875,2.6430000000000007,60.0,1.0,,,,,,
2026-07-02 20:19:23,4540.130624771118,30.812,26.875,2.625875,60.0,1.0,,,,,,
2026-07-02 20:19:25,4541.946529626846,30.812,26.875,2.6528333333333336,60.0,1.0,,,,,,
2026-07-02 20:19:27,4543.746659755707,30.75,27.0,2.60475,60.0,1.0,,,,,,
2026-07-02 20:19:29,4545.561993122101,30.75,27.0,2.603583333333334,60.0,1.0,,,,,,
2026-07-02 20:19:31,4547.3543176651,30.687,27.0,2.6348125000000002,60.0,1.0,,,,,,
2026-07-02 20:19:32,4549.178749084473,30.625,27.0,2.6017500000000005,60.0,1.0,,,,,,
2026-07-02 20:19:34,4550.971122264862,30.625,27.0,2.6016875000000006,60.0,1.0,,,,,,
2026-07-02 20:19:36,4552.761996984482,30.562,27.0,2.636354166666667,60.0,1.0,,,,,,
2026-07-02 20:19:38,4554.558695316315,30.562,27.0,2.6523125000000003,60.0,1.0,,,,,,
2026-07-02 20:19:40,4556.37885260582,30.5,27.0,2.602291666666667,60.0,1.0,,,,,,
2026-07-02 20:19:41,4558.169982671738,30.437,27.0,2.6019583333333336,60.0,1.0,,,,,,
2026-07-02 20:19:43,4559.962007284164,30.437,27.0,2.653020833333334,60.0,1.0,,,,,,
2026-07-02 20:19:45,4561.75865483284,30.437,27.0,2.6017916666666667,60.0,1.0,,,,,,
2026-07-02 20:19:47,4563.578005313873,30.375,27.0,2.6041875,60.0,1.0,,,,,,
2026-07-02 20:19:48,4565.373342990875,30.312,27.0,2.626229166666667,60.0,1.0,,,,,,
2026-07-02 20:19:50,4567.162700414658,30.312,27.0,2.6041875,60.0,1.0,,,,,,
2026-07-02 20:19:52,4568.953933954239,30.25,27.0,2.602979166666667,60.0,1.0,,,,,,
2026-07-02 20:19:54,4570.746023178101,30.25,27.0,2.6317500000000003,60.0,1.0,,,,,,
2026-07-02 20:19:56,4572.542620182037,30.187,27.0,2.6065833333333335,60.0,1.0,,,,,,
2026-07-02 20:19:57,4574.362407684326,30.187,27.0,2.603458333333333,60.0,1.0,,,,,,
2026-07-02 20:19:59,4576.156808853149,30.125,27.125,2.6429166666666672,60.0,1.0,,,,,,
2026-07-02 20:20:01,4577.946563482285,30.062,27.125,2.6051875000000004,60.0,1.0,,,,,,
2026-07-02 20:20:03,4579.738220691681,30.062,27.125,2.5999375000000002,60.0,1.0,,,,,,
2026-07-02 20:20:05,4581.532673358917,30.0,27.125,2.638291666666667,60.0,1.0,,,,,,
2026-07-02 20:20:06,4583.326523303986,30.0,27.125,2.6040208333333337,60.0,1.0,,,,,,
2026-07-02 20:20:08,4585.145960092545,29.937,27.125,2.602125,60.0,1.0,,,,,,
2026-07-02 20:20:10,4586.937919616699,29.875,27.25,2.6513541666666667,60.0,1.0,,,,,,
2026-07-02 20:20:12,4588.750607728958,29.875,27.25,2.6061250000000005,60.0,1.0,,,,,,
2026-07-02 20:20:14,4590.557975053787,29.812,27.125,2.6045000000000003,60.0,1.0,,,,,,
2026-07-02 20:20:16,4592.378570556641,29.812,27.25,2.6380000000000003,60.0,1.0,,,,,,
2026-07-02 20:20:17,4594.202632665634,29.75,27.25,2.6022708333333333,60.0,1.0,,,,,,
2026-07-02 20:20:19,4595.994033336639,29.75,27.25,2.602625,60.0,1.0,,,,,,
2026-07-02 20:20:21,4597.786051034927,29.687,27.25,2.6165000000000003,60.0,1.0,,,,,,
2026-07-02 20:20:23,4599.578812360764,29.687,27.375,2.6500208333333335,60.0,1.0,,,,,,
2026-07-02 20:20:25,4601.402750253677,29.625,27.375,2.604479166666667,60.0,1.0,,,,,,
2026-07-02 20:20:26,4603.194039344788,29.562,27.25,2.6049375000000006,60.0,1.0,,,,,,
2026-07-02 20:20:28,4604.985983371735,29.562,27.375,2.650041666666667,60.0,1.0,,,,,,
2026-07-02 20:20:30,4606.77859377861,29.5,27.375,2.6489583333333337,60.0,1.0,,,,,,
2026-07-02 20:20:32,4608.575507879257,29.5,27.25,2.6027708333333335,60.0,1.0,,,,,,
2026-07-02 20:20:34,4610.414021968842,29.437,27.25,2.604354166666667,60.0,1.0,,,,,,
2026-07-02 20:20:35,4612.217971086502,29.437,27.375,2.633916666666667,60.0,1.0,,,,,,
2026-07-02 20:20:37,4614.015587568283,29.375,27.25,2.6034375000000005,60.0,1.0,,,,,,
2026-07-02 20:20:39,4615.833968162537,29.375,27.375,2.6054375000000003,60.0,1.0,,,,,,
2026-07-02 20:20:41,4617.626042842865,29.312,27.25,2.6393125000000004,60.0,1.0,,,,,,
2026-07-02 20:20:43,4619.4243195056915,29.312,27.25,3.342479166666667,80.0,1.0,,,,,,
2026-07-02 20:20:44,4621.24200296402,29.312,27.25,3.301,80.0,1.0,,,,,,
2026-07-02 20:20:46,4623.0339958667755,29.25,27.25,3.330520833333334,80.0,1.0,,,,,,
2026-07-02 20:20:48,4624.826563358307,29.25,27.25,3.2756250000000002,80.0,1.0,,,,,,
2026-07-02 20:20:50,4626.617993116379,29.187,27.25,3.2720208333333334,80.0,1.0,,,,,,
2026-07-02 20:20:52,4628.414215087891,29.187,27.25,3.3134791666666668,80.0,1.0,,,,,,
2026-07-02 20:20:53,4630.237332344055,29.125,27.375,3.2604375000000005,80.0,1.0,,,,,,
2026-07-02 20:20:55,4632.0259783267975,29.125,27.375,3.257145833333334,80.0,1.0,,,,,,
2026-07-02 20:20:57,4633.818026065826,29.125,27.375,3.2767708333333334,80.0,1.0,,,,,,
2026-07-02 20:20:59,4635.6155734062195,29.062,27.375,3.255604166666667,80.0,1.0,,,,,,
2026-07-02 20:21:01,4637.434098243713,29.062,27.375,3.249666666666667,80.0,1.0,,,,,,
2026-07-02 20:21:02,4639.225972414017,29.0,27.5,3.286770833333334,80.0,1.0,,,,,,
2026-07-02 20:21:04,4641.018625736237,28.937,27.5,3.2435833333333335,80.0,1.0,,,,,,
2026-07-02 20:21:06,4642.810033321381,28.937,27.5,3.2452291666666673,80.0,1.0,,,,,,
2026-07-02 20:21:08,4644.602008342743,28.875,27.5,3.2866458333333335,80.0,1.0,,,,,,
2026-07-02 20:21:10,4646.400516748428,28.812,27.5,3.2795625000000004,80.0,1.0,,,,,,
2026-07-02 20:21:11,4648.222500085831,28.812,27.5,3.2340625000000003,80.0,1.0,,,,,,
2026-07-02 20:21:13,4650.041980743408,28.75,27.5,3.230729166666667,80.0,1.0,,,,,,
2026-07-02 20:21:15,4651.865968704224,28.687,27.5,3.259020833333334,80.0,1.0,,,,,,
2026-07-02 20:21:17,4653.662499666214,28.687,27.5,3.2265625000000004,80.0,1.0,,,,,,
2026-07-02 20:21:19,4655.482029914856,28.625,27.5,3.2265208333333337,80.0,1.0,,,,,,
2026-07-02 20:21:20,4657.2770228385925,28.562,27.5,3.249270833333334,80.0,1.0,,,,,,
2026-07-02 20:21:22,4659.070610284805,28.562,27.5,3.223229166666667,80.0,1.0,,,,,,
2026-07-02 20:21:24,4660.89005446434,28.5,27.5,3.224895833333334,80.0,1.0,,,,,,
2026-07-02 20:21:26,4662.682038068771,28.437,27.5,3.2714583333333334,80.0,1.0,,,,,,
2026-07-02 20:21:28,4664.474439382553,28.375,27.5,3.2199791666666666,80.0,1.0,,,,,,
2026-07-02 20:21:29,4666.265906572342,28.375,27.5,3.220791666666667,80.0,1.0,,,,,,
2026-07-02 20:21:31,4668.057990312576,28.312,27.5,3.2492916666666667,80.0,1.0,,,,,,
2026-07-02 20:21:33,4669.850529909134,28.25,27.5,3.215416666666667,80.0,1.0,,,,,,
2026-07-02 20:21:35,4671.641921043396,28.187,27.375,3.2150833333333337,80.0,1.0,,,,,,
2026-07-02 20:21:37,4673.437681674957,28.187,27.5,3.2430833333333338,80.0,1.0,,,,,,
2026-07-02 20:21:38,4675.258615732193,28.125,27.5,3.214125,80.0,1.0,,,,,,
2026-07-02 20:21:40,4677.05002951622,28.062,27.375,3.2115208333333336,80.0,1.0,,,,,,
2026-07-02 20:21:42,4678.842976808548,28.0,27.375,3.237666666666667,80.0,1.0,,,,,,
2026-07-02 20:21:44,4680.638611078262,28.0,27.375,3.209666666666667,80.0,1.0,,,,,,
2026-07-02 20:21:46,4682.458096265793,27.937,27.375,3.211604166666667,80.0,1.0,,,,,,
2026-07-02 20:21:47,4684.2532386779785,27.875,27.375,3.250458333333334,80.0,1.0,,,,,,
2026-07-02 20:21:49,4686.042898178101,27.875,27.375,3.205541666666667,80.0,1.0,,,,,,
2026-07-02 20:21:51,4687.834102392197,27.812,27.375,3.2073541666666667,80.0,1.0,,,,,,
2026-07-02 20:21:53,4689.629481315613,27.75,27.375,3.2125208333333335,80.0,1.0,,,,,,
2026-07-02 20:21:55,4691.418623447418,27.687,27.375,3.202604166666667,80.0,1.0,,,,,,
2026-07-02 20:21:56,4693.210000991821,27.625,27.375,3.203041666666667,80.0,1.0,,,,,,
2026-07-02 20:21:58,4695.0070033073425,27.625,27.25,3.237270833333334,80.0,1.0,,,,,,
2026-07-02 20:22:00,4696.826494216919,27.562,27.25,3.2384166666666667,80.0,1.0,,,,,,
2026-07-02 20:22:02,4698.618848323822,27.5,27.375,3.2457500000000006,80.0,1.0,,,,,,
2026-07-02 20:22:04,4700.410666704178,27.437,27.375,3.1984583333333334,80.0,1.0,,,,,,
2026-07-02 20:22:05,4702.201949596405,27.437,27.25,3.1985208333333337,80.0,1.0,,,,,,
2026-07-02 20:22:07,4703.998001813889,27.375,27.25,3.2410000000000005,80.0,1.0,,,,,,
2026-07-02 20:22:09,4705.8184468746185,27.375,27.25,3.199666666666667,80.0,1.0,,,,,,
2026-07-02 20:22:11,4707.613925457001,27.25,27.25,3.2002083333333333,80.0,1.0,,,,,,
2026-07-02 20:22:13,4709.434005498886,27.25,27.25,3.2283333333333335,80.0,1.0,,,,,,
2026-07-02 20:22:14,4711.226651668549,27.187,27.25,3.2220000000000004,80.0,1.0,,,,,,
2026-07-02 20:22:16,4713.050522327423,27.187,27.375,3.1966041666666674,80.0,1.0,,,,,,
2026-07-02 20:22:18,4714.842969894409,27.125,27.375,3.197083333333334,80.0,1.0,,,,,,
2026-07-02 20:22:20,4716.643470525742,27.062,27.375,3.2335833333333337,80.0,1.0,,,,,,
2026-07-02 20:22:22,4718.463130235672,27.0,27.375,3.195979166666667,80.0,1.0,,,,,,
2026-07-02 20:22:23,4720.281942129135,27.0,27.375,3.196791666666667,80.0,1.0,,,,,,
2026-07-02 20:22:25,4722.079388618469,27.0,27.5,3.241145833333334,80.0,1.0,,,,,,
2026-07-02 20:22:27,4723.8987402915955,26.937,27.5,3.1951041666666673,80.0,1.0,,,,,,
2026-07-02 20:22:29,4725.689915895462,26.875,27.5,3.196791666666667,80.0,1.0,,,,,,
2026-07-02 20:22:31,4727.488259792328,26.812,27.625,3.2431458333333336,80.0,1.0,,,,,,
2026-07-02 20:22:32,4729.306627511978,26.812,27.625,3.1961875,80.0,1.0,,,,,,
2026-07-02 20:22:34,4731.097983837128,26.75,27.625,3.193166666666667,80.0,1.0,,,,,,
2026-07-02 20:22:36,4732.890083789825,26.75,27.625,3.2285625000000002,80.0,1.0,,,,,,
2026-07-02 20:22:38,4734.682637691498,26.687,27.625,3.1935625000000005,80.0,1.0,,,,,,
2026-07-02 20:22:40,4736.474493980408,26.625,27.75,3.1926666666666668,80.0,1.0,,,,,,
2026-07-02 20:22:41,4738.299409866333,26.625,27.75,3.2070833333333337,80.0,1.0,,,,,,
2026-07-02 20:22:43,4740.094494104385,26.625,27.75,3.1926250000000005,80.0,1.0,,,,,,
2026-07-02 20:22:45,4741.914003610611,26.562,27.75,3.1913750000000007,80.0,1.0,,,,,,
2026-07-02 20:22:47,4743.706027030945,26.5,27.75,3.2397500000000004,80.0,1.0,,,,,,
2026-07-02 20:22:49,4745.502657413483,26.437,27.75,3.193479166666667,80.0,1.0,,,,,,
2026-07-02 20:22:50,4747.321989536285,26.437,27.75,3.1900416666666667,80.0,1.0,,,,,,
2026-07-02 20:22:52,4749.117108106613,26.437,27.75,3.2220000000000004,80.0,1.0,,,,,,
2026-07-02 20:22:54,4750.910637378693,26.375,27.75,3.191541666666667,80.0,1.0,,,,,,
2026-07-02 20:22:56,4752.750115633011,26.312,27.875,3.196041666666667,80.0,1.0,,,,,,
2026-07-02 20:22:58,4754.557273864746,26.312,27.75,3.2267291666666673,80.0,1.0,,,,,,
2026-07-02 20:22:59,4756.346529722214,26.312,27.75,3.2193125000000005,80.0,1.0,,,,,,
2026-07-02 20:23:01,4758.138437747955,26.25,27.75,3.216916666666667,80.0,1.0,,,,,,
2026-07-02 20:23:03,4759.934509277344,26.187,27.75,3.1895000000000002,80.0,1.0,,,,,,
2026-07-02 20:23:05,4761.754009246826,26.187,27.75,3.1899375000000005,80.0,1.0,,,,,,
2026-07-02 20:23:07,4763.546069145203,26.125,27.75,3.219625,80.0,1.0,,,,,,
2026-07-02 20:23:08,4765.34197306633,26.125,27.75,3.1893333333333334,80.0,1.0,,,,,,
2026-07-02 20:23:10,4767.162313938141,26.062,27.75,2.686604166666667,50.0,0.0,,,,,,
2026-07-02 20:23:12,4768.953998804092,26.062,27.75,2.5526875,50.0,0.0,,,,,,
2026-07-02 20:23:14,4770.746625900269,26.0,27.75,2.4468541666666668,50.0,0.0,,,,,,
2026-07-02 20:23:16,4772.541990995407,26.0,27.75,2.408208333333334,50.0,0.0,,,,,,
2026-07-02 20:23:18,4774.361914396286,25.937,27.75,2.4362083333333335,50.0,0.0,,,,,,
2026-07-02 20:23:19,4776.199352025986,25.937,27.75,2.373854166666667,50.0,0.0,,,,,,
2026-07-02 20:23:21,4778.034033060074,25.875,27.75,2.3562708333333338,50.0,0.0,,,,,,
2026-07-02 20:23:23,4779.834171056747,25.875,27.75,2.398354166666667,50.0,0.0,,,,,,
2026-07-02 20:23:25,4781.633494138718,25.875,27.75,2.3417083333333335,50.0,0.0,,,,,,
2026-07-02 20:23:27,4783.449991941452,25.875,27.75,2.3312708333333334,50.0,0.0,,,,,,
2026-07-02 20:23:28,4785.242025136948,25.937,27.75,2.3591250000000006,50.0,0.0,,,,,,
2026-07-02 20:23:30,4787.039551734924,25.937,27.625,2.322604166666667,50.0,0.0,,,,,,
2026-07-02 20:23:32,4788.858003377914,26.0,27.625,2.318395833333333,50.0,0.0,,,,,,
2026-07-02 20:23:34,4790.649930715561,26.125,27.625,2.3597500000000005,50.0,0.0,,,,,,
2026-07-02 20:23:36,4792.447993278503,26.125,27.625,2.3122500000000006,50.0,0.0,,,,,,
2026-07-02 20:23:37,4794.265940666199,26.25,27.625,2.3060416666666668,50.0,0.0,,,,,,
2026-07-02 20:23:39,4796.062055826187,26.375,27.625,2.3405833333333335,50.0,0.0,,,,,,
2026-07-02 20:23:41,4797.882525444031,26.5,27.625,2.2987500000000005,50.0,0.0,,,,,,
2026-07-02 20:23:43,4799.674024105072,26.625,27.625,2.296770833333334,50.0,0.0,,,,,,
2026-07-02 20:23:45,4801.465967416763,26.75,27.625,2.321416666666667,50.0,0.0,,,,,,
2026-07-02 20:23:46,4803.262660741806,26.875,27.625,2.3406458333333333,50.0,0.0,,,,,,
2026-07-02 20:23:48,4805.08661532402,27.062,27.625,2.2902916666666666,50.0,0.0,,,,,,
2026-07-02 20:23:50,4806.906003475189,27.187,27.5,2.2878333333333334,50.0,0.0,,,,,,
2026-07-02 20:23:52,4808.697975158691,27.375,27.625,2.339270833333334,50.0,0.0,,,,,,
2026-07-02 20:23:54,4810.494559288025,27.562,27.625,2.2816875000000003,50.0,0.0,,,,,,
2026-07-02 20:23:55,4812.3139770030975,27.75,27.5,2.2820625000000003,50.0,0.0,,,,,,
2026-07-02 20:23:57,4814.112161159515,27.937,27.625,2.3078125000000003,50.0,0.0,,,,,,
2026-07-02 20:23:59,4815.930642127991,28.187,27.5,2.2746458333333335,50.0,0.0,,,,,,
2026-07-02 20:24:01,4817.722502946854,28.375,27.5,2.2709791666666668,50.0,0.0,,,,,,
2026-07-02 20:24:03,4819.520543336868,28.562,27.5,2.2833125,50.0,0.0,,,,,,
2026-07-02 20:24:04,4821.338611602783,28.812,27.5,2.2660833333333334,50.0,0.0,,,,,,
2026-07-02 20:24:06,4823.130031824112,29.0,27.5,2.265166666666667,50.0,0.0,,,,,,
2026-07-02 20:24:08,4824.922003269196,29.187,27.5,2.3148333333333335,50.0,0.0,,,,,,
2026-07-02 20:24:10,4826.71543097496,29.437,27.5,2.2608125,50.0,0.0,,,,,,
2026-07-02 20:24:12,4828.538402557373,29.625,27.5,2.258645833333334,50.0,0.0,,,,,,
2026-07-02 20:24:13,4830.333568096161,29.875,27.5,2.3078125000000003,50.0,0.0,,,,,,
2026-07-02 20:24:15,4832.125134468079,30.062,27.5,2.2552083333333335,50.0,0.0,,,,,,
2026-07-02 20:24:17,4833.914031744003,30.312,27.5,2.2528958333333335,50.0,0.0,,,,,,
2026-07-02 20:24:19,4835.70619559288,30.562,27.5,2.2770208333333333,50.0,0.0,,,,,,
2026-07-02 20:24:21,4837.502645254135,30.75,27.5,2.2499583333333337,50.0,0.0,,,,,,
2026-07-02 20:24:22,4839.32200884819,31.0,27.5,2.2453958333333333,50.0,0.0,,,,,,
2026-07-02 20:24:24,4841.117201328278,31.187,27.5,2.2803750000000003,50.0,0.0,,,,,,
2026-07-02 20:24:26,4842.906467676163,31.437,27.5,2.2455625,50.0,0.0,,,,,,
2026-07-02 20:24:28,4844.697940587997,31.625,27.5,2.240229166666667,50.0,0.0,,,,,,
2026-07-02 20:24:30,4846.493361949921,31.875,27.5,2.2765625000000003,50.0,0.0,,,,,,
2026-07-02 20:24:31,4848.286567687988,32.062,27.5,2.2898333333333336,50.0,0.0,,,,,,
2026-07-02 20:24:33,4850.106613636017,32.312,27.375,2.2301875000000004,50.0,0.0,,,,,,
2026-07-02 20:24:35,4851.898068189621,32.5,27.375,2.235604166666667,50.0,0.0,,,,,,
2026-07-02 20:24:37,4853.722523450851,32.75,27.375,2.283479166666667,50.0,0.0,,,,,,
2026-07-02 20:24:39,4855.551710367203,32.937,27.375,2.2304166666666667,50.0,0.0,,,,,,
2026-07-02 20:24:41,4857.375522851944,33.125,27.375,2.227583333333334,50.0,0.0,,,,,,
2026-07-02 20:24:42,4859.194012880325,33.375,27.25,2.259541666666667,50.0,0.0,,,,,,
2026-07-02 20:24:44,4860.986545085907,33.625,27.25,2.22725,50.0,0.0,,,,,,
2026-07-02 20:24:46,4862.778263568878,33.812,27.25,2.2237291666666668,50.0,0.0,,,,,,
2026-07-02 20:24:48,4864.59002494812,34.0,27.25,2.2582500000000003,50.0,0.0,,,,,,
2026-07-02 20:24:50,4866.394562482834,34.25,27.25,2.2682500000000005,50.0,0.0,,,,,,
2026-07-02 20:24:51,4868.192614078522,34.437,27.25,2.2185,50.0,0.0,,,,,,
2026-07-02 20:24:53,4870.010019540787,34.625,27.25,2.2198958333333336,50.0,0.0,,,,,,
2026-07-02 20:24:55,4871.802039861679,34.812,27.125,2.265291666666667,50.0,0.0,,,,,,
2026-07-02 20:24:57,4873.594979286194,35.0,27.125,2.2122083333333333,50.0,0.0,,,,,,
2026-07-02 20:24:59,4875.38600564003,35.187,27.125,2.2120625,50.0,0.0,,,,,,
2026-07-02 20:25:00,4877.177993059158,35.375,27.0,2.2359583333333335,50.0,0.0,,,,,,
2026-07-02 20:25:02,4878.970918416977,35.562,27.0,2.2073958333333334,50.0,0.0,,,,,,
2026-07-02 20:25:04,4880.761994600296,35.75,27.0,2.2057708333333332,50.0,0.0,,,,,,
2026-07-02 20:25:06,4882.553930521011,35.937,27.0,2.2317083333333336,50.0,0.0,,,,,,
2026-07-02 20:25:08,4884.353777885437,36.187,27.0,2.2028958333333337,50.0,0.0,,,,,,
2026-07-02 20:25:09,4886.17001748085,36.375,27.0,2.2012083333333337,50.0,0.0,,,,,,
2026-07-02 20:25:11,4887.966004371643,36.562,26.875,2.2471250000000005,50.0,0.0,,,,,,
2026-07-02 20:25:13,4889.786568641663,36.75,26.875,2.198291666666667,50.0,0.0,,,,,,
2026-07-02 20:25:15,4891.579018354416,36.875,26.875,2.199229166666667,50.0,0.0,,,,,,
2026-07-02 20:25:17,4893.40199804306,37.125,26.875,2.2442500000000005,50.0,0.0,,,,,,
2026-07-02 20:25:18,4895.197827339172,37.312,26.875,2.220479166666667,50.0,0.0,,,,,,
2026-07-02 20:25:20,4897.018576145172,37.437,26.75,2.2236458333333333,50.0,0.0,,,,,,
2026-07-02 20:25:22,4898.810362815857,37.625,26.875,2.1900416666666667,50.0,0.0,,,,,,
2026-07-02 20:25:24,4900.621980190277,37.812,26.75,2.1883333333333335,50.0,0.0,,,,,,
2026-07-02 20:25:26,4902.425956726074,38.0,26.75,2.2260000000000004,50.0,0.0,,,,,,
2026-07-02 20:25:27,4904.218503713608,38.125,26.75,2.189354166666667,50.0,0.0,,,,,,
2026-07-02 20:25:29,4906.011569023132,38.312,26.75,2.187479166666667,50.0,0.0,,,,,,
2026-07-02 20:25:31,4907.810163974762,38.5,26.625,2.2346250000000003,50.0,0.0,,,,,,
2026-07-02 20:25:33,4909.631000757217,38.625,26.625,2.206166666666667,50.0,0.0,,,,,,
2026-07-02 20:25:35,4911.450689077377,38.812,26.625,2.1817500000000005,50.0,0.0,,,,,,
2026-07-02 20:25:36,4913.241994380951,39.0,26.625,2.177916666666667,50.0,0.0,,,,,,
2026-07-02 20:25:38,4915.033937454224,39.187,26.625,2.2140625000000003,50.0,0.0,,,,,,
2026-07-02 20:25:40,4916.830542087555,39.312,26.625,2.2257708333333337,50.0,0.0,,,,,,
2026-07-02 20:25:42,4918.65053153038,39.437,26.625,2.174854166666667,50.0,0.0,,,,,,
2026-07-02 20:25:44,4920.44211602211,39.625,26.625,2.1770208333333336,50.0,0.0,,,,,,
2026-07-02 20:25:45,4922.237419605255,39.75,26.5,2.2235,50.0,0.0,,,,,,
2026-07-02 20:25:47,4924.030632734299,39.937,26.625,2.1890000000000005,50.0,0.0,,,,,,
2026-07-02 20:25:49,4925.850545406342,40.125,26.5,2.2179375,50.0,0.0,,,,,,
2026-07-02 20:25:51,4927.651619911194,40.25,26.5,2.206395833333334,50.0,0.0,,,,,,
2026-07-02 20:25:53,4929.466619968414,40.437,26.5,2.168666666666667,50.0,0.0,,,,,,
2026-07-02 20:25:54,4931.257995128632,40.562,26.5,2.165229166666667,50.0,0.0,,,,,,
2026-07-02 20:25:56,4933.057552576065,40.687,26.5,2.1870208333333334,50.0,0.0,,,,,,
2026-07-02 20:25:58,4934.874443054199,40.875,26.5,2.1620833333333334,50.0,0.0,,,,,,
2026-07-02 20:26:00,4936.665944576263,41.0,26.5,2.1624375000000002,50.0,0.0,,,,,,
2026-07-02 20:26:02,4938.463389635086,41.125,26.625,2.2037500000000003,50.0,0.0,,,,,,
2026-07-02 20:26:03,4940.282496929169,41.312,26.5,2.159229166666667,50.0,0.0,,,,,,
2026-07-02 20:26:05,4942.074012994766,41.437,26.5,2.1622708333333334,50.0,0.0,,,,,,
2026-07-02 20:26:07,4943.866025924683,41.562,26.5,2.210729166666667,50.0,0.0,,,,,,
2026-07-02 20:26:09,4945.662663221359,41.75,26.5,2.190354166666667,50.0,0.0,,,,,,
2026-07-02 20:26:11,4947.482619047165,41.875,26.5,2.2013750000000005,50.0,0.0,,,,,,
2026-07-02 20:26:12,4949.277837514877,42.062,26.5,2.201708333333334,50.0,0.0,,,,,,
2026-07-02 20:26:14,4951.102801799774,42.187,26.5,2.8932500000000005,70.0,0.0,,,,,,
2026-07-02 20:26:16,4952.922012329102,42.312,26.5,2.8492500000000005,70.0,0.0,,,,,,
2026-07-02 20:26:18,4954.746062994003,42.437,26.5,2.8564583333333338,70.0,0.0,,,,,,
2026-07-02 20:26:20,4956.5386283397675,42.562,26.5,2.8133125000000003,70.0,0.0,,,,,,
2026-07-02 20:26:21,4958.329987287521,42.75,26.5,2.8027708333333337,70.0,0.0,,,,,,
2026-07-02 20:26:23,4960.122146368027,42.875,26.5,2.819125,70.0,0.0,,,,,,
2026-07-02 20:26:25,4961.914530515671,42.937,26.375,2.7902291666666668,70.0,0.0,,,,,,
2026-07-02 20:26:27,4963.706897735596,43.125,26.5,2.784604166666667,70.0,0.0,,,,,,
2026-07-02 20:26:29,4965.502387523651,43.25,26.375,2.8299166666666666,70.0,0.0,,,,,,
2026-07-02 20:26:30,4967.322846412659,43.375,26.375,2.775041666666667,70.0,0.0,,,,,,
2026-07-02 20:26:32,4969.114175319672,43.5,26.375,2.7757083333333337,70.0,0.0,,,,,,
2026-07-02 20:26:34,4970.905999183655,43.687,26.5,2.7915416666666673,70.0,0.0,,,,,,
2026-07-02 20:26:36,4972.698630571365,43.812,26.375,2.8018333333333336,70.0,0.0,,,,,,
2026-07-02 20:26:38,4974.490633249283,44.0,26.375,2.8092708333333336,70.0,0.0,,,,,,
2026-07-02 20:26:39,4976.289658069611,44.125,26.375,2.757458333333334,70.0,0.0,,,,,,
2026-07-02 20:26:41,4978.1059827804565,44.25,26.375,2.7566458333333337,70.0,0.0,,,,,,
2026-07-02 20:26:43,4979.897951602936,44.375,26.375,2.8032291666666667,70.0,0.0,,,,,,
2026-07-02 20:26:45,4981.694118261337,44.562,26.375,2.751645833333334,70.0,0.0,,,,,,
2026-07-02 20:26:47,4983.513926029205,44.687,26.375,2.7496041666666673,70.0,0.0,,,,,,
2026-07-02 20:26:48,4985.305944919586,44.875,26.375,2.793625,70.0,0.0,,,,,,
2026-07-02 20:26:50,4987.103610754013,45.0,26.375,2.7664375000000003,70.0,0.0,,,,,,
2026-07-02 20:26:52,4988.922612190247,45.187,26.375,2.7434166666666666,70.0,0.0,,,,,,
2026-07-02 20:26:54,4990.714361906052,45.375,26.25,2.7437291666666668,70.0,0.0,,,,,,
2026-07-02 20:26:56,4992.506025791168,45.5,26.25,2.7552083333333335,70.0,0.0,,,,,,
2026-07-02 20:26:57,4994.29851269722,45.687,26.375,2.7578750000000003,70.0,0.0,,,,,,
2026-07-02 20:26:59,4996.094611883163,45.812,26.375,2.7332291666666673,70.0,0.0,,,,,,
2026-07-02 20:27:01,4997.913937091827,46.0,26.375,2.7330000000000005,70.0,0.0,,,,,,
2026-07-02 20:27:03,4999.710891962051,46.125,26.375,2.7589791666666668,70.0,0.0,,,,,,
2026-07-02 20:27:05,5001.538495540619,46.312,26.375,2.7264375000000003,70.0,0.0,,,,,,
2026-07-02 20:27:06,5003.354100942612,46.5,26.25,2.7245625,70.0,0.0,,,,,,
2026-07-02 20:27:08,5005.145968675613,46.625,26.375,2.7475625000000004,70.0,0.0,,,,,,
2026-07-02 20:27:10,5006.942896127701,46.75,26.375,2.7230000000000003,70.0,0.0,,,,,,
2026-07-02 20:27:12,5008.762056589127,46.937,26.25,2.7187500000000004,70.0,0.0,,,,,,
2026-07-02 20:27:14,5010.554231405258,47.125,26.375,2.751583333333334,70.0,0.0,,,,,,
2026-07-02 20:27:15,5012.346518039703,47.312,26.375,2.7142500000000003,70.0,0.0,,,,,,
2026-07-02 20:27:17,5014.138105392456,47.5,26.25,2.713354166666667,70.0,0.0,,,,,,
2026-07-02 20:27:19,5015.9299874305725,47.625,26.25,2.7387500000000005,70.0,0.0,,,,,,
2026-07-02 20:27:21,5017.727421283722,47.75,26.25,2.7342083333333336,70.0,0.0,,,,,,
2026-07-02 20:27:23,5019.547469615936,47.937,26.25,2.7049375,70.0,0.0,,,,,,
2026-07-02 20:27:24,5021.337952136993,48.062,26.25,2.7030000000000003,70.0,0.0,,,,,,
2026-07-02 20:27:26,5023.12997841835,48.25,26.25,2.7287291666666667,70.0,0.0,,,,,,
2026-07-02 20:27:28,5024.922800779343,48.375,26.25,2.7402916666666672,70.0,0.0,,,,,,
2026-07-02 20:27:30,5026.714784860611,48.562,26.25,2.6964375000000005,70.0,0.0,,,,,,
2026-07-02 20:27:32,5028.538028478622,48.75,26.125,2.698208333333334,70.0,0.0,,,,,,
2026-07-02 20:27:33,5030.336538314819,48.875,26.125,2.7397708333333335,70.0,0.0,,,,,,
2026-07-02 20:27:35,5032.154609441757,49.062,26.125,2.692979166666667,70.0,0.0,,,,,,
2026-07-02 20:27:37,5033.945987701416,49.187,26.125,2.690645833333334,70.0,0.0,,,,,,
2026-07-02 20:27:39,5035.742451906204,49.375,26.125,2.714666666666667,70.0,0.0,,,,,,
2026-07-02 20:27:41,5037.562534093857,49.5,26.125,2.6878125,70.0,0.0,,,,,,
2026-07-02 20:27:42,5039.35396194458,49.687,26.0,2.684729166666667,70.0,0.0,,,,,,
2026-07-02 20:27:44,5041.153137922287,49.812,26.0,2.6915625000000003,70.0,0.0,,,,,,
2026-07-02 20:27:46,5042.970763206482,50.0,26.0,2.6807708333333338,70.0,0.0,,,,,,
2026-07-02 20:27:48,5044.762957572937,50.125,26.0,2.6800000000000006,70.0,0.0,,,,,,
2026-07-02 20:27:50,5046.593283414841,50.25,26.0,2.721729166666667,70.0,0.0,,,,,,
2026-07-02 20:27:52,5048.414598703384,50.437,26.0,2.6755208333333336,70.0,0.0,,,,,,
2026-07-02 20:27:53,5050.234060287476,50.625,26.0,2.6700208333333335,70.0,0.0,,,,,,
2026-07-02 20:27:55,5052.030225038528,50.812,26.0,2.715729166666667,70.0,0.0,,,,,,
2026-07-02 20:27:57,5053.850452423096,50.937,26.0,2.7109375,70.0,0.0,,,,,,
2026-07-02 20:27:59,5055.642524242401,51.125,26.0,2.694666666666667,70.0,0.0,,,,,,
2026-07-02 20:28:01,5057.442174196243,51.25,26.0,2.7095208333333334,70.0,0.0,,,,,,
2026-07-02 20:28:02,5059.258668422699,51.375,26.0,2.6861458333333332,70.0,0.0,,,,,,
2026-07-02 20:28:04,5061.086821556091,51.562,25.875,2.6634375,70.0,0.0,,,,,,
2026-07-02 20:28:06,5062.906039237976,51.687,26.0,2.6608958333333335,70.0,0.0,,,,,,
2026-07-02 20:28:08,5064.698025465012,51.812,25.875,2.683354166666667,70.0,0.0,,,,,,
2026-07-02 20:28:10,5066.49059343338,52.0,25.875,2.658645833333334,70.0,0.0,,,,,,
2026-07-02 20:28:11,5068.282006025314,52.125,25.875,2.6555208333333336,70.0,0.0,,,,,,
2026-07-02 20:28:13,5070.073973417282,52.25,25.875,2.6807708333333338,70.0,0.0,,,,,,
2026-07-02 20:28:15,5071.866434335709,52.375,25.875,2.686166666666667,70.0,0.0,,,,,,
2026-07-02 20:28:17,5073.662618160248,52.562,25.875,2.6835416666666667,70.0,0.0,,,,,,
2026-07-02 20:28:19,5075.486501216888,52.687,25.875,2.6488333333333336,70.0,0.0,,,,,,
2026-07-02 20:28:20,5077.305986166,52.812,25.875,2.6465625000000004,70.0,0.0,,,,,,
2026-07-02 20:28:22,5079.098041296005,52.937,25.875,2.687604166666667,70.0,0.0,,,,,,
2026-07-02 20:28:24,5080.890567302704,53.062,25.75,2.689916666666667,70.0,0.0,,,,,,
2026-07-02 20:28:26,5082.682646274567,53.187,25.75,2.680375,70.0,0.0,,,,,,
2026-07-02 20:28:28,5084.475624322891,53.375,25.75,2.6405000000000003,70.0,0.0,,,,,,
2026-07-02 20:28:29,5086.2659907341,53.5,25.75,2.6383125000000005,70.0,0.0,,,,,,
2026-07-02 20:28:31,5088.0579226017,53.625,25.75,2.654979166666667,70.0,0.0,,,,,,
2026-07-02 20:28:33,5089.850503921509,53.75,25.75,2.637208333333334,70.0,0.0,,,,,,
2026-07-02 20:28:35,5091.6419377326965,53.875,25.75,2.640104166666667,70.0,0.0,,,,,,
2026-07-02 20:28:37,5093.4339427948,54.0,25.625,2.6809375,70.0,0.0,,,,,,
2026-07-02 20:28:38,5095.236603736877,54.187,25.625,2.637104166666667,70.0,0.0,,,,,,
2026-07-02 20:28:40,5097.050025939941,54.25,25.625,2.634479166666667,70.0,0.0,,,,,,
2026-07-02 20:28:42,5098.842062711716,54.375,25.625,2.6745,70.0,0.0,,,,,,
2026-07-02 20:28:44,5100.637136459351,54.562,25.625,2.6285833333333337,70.0,0.0,,,,,,
2026-07-02 20:28:46,5102.425998926163,54.687,25.625,2.6291458333333337,70.0,0.0,,,,,,
2026-07-02 20:28:47,5104.2179918289185,54.812,25.625,2.647875,70.0,0.0,,,,,,
2026-07-02 20:28:49,5106.010782718658,54.937,25.625,2.6690833333333335,70.0,0.0,,,,,,
2026-07-02 20:28:51,5107.806468963623,55.0,25.625,2.6211666666666673,70.0,0.0,,,,,,
2026-07-02 20:28:53,5109.625923633575,55.187,25.625,2.6235208333333335,70.0,0.0,,,,,,
2026-07-02 20:28:55,5111.417998075485,55.25,25.625,2.6629583333333335,70.0,0.0,,,,,,
2026-07-02 20:28:56,5113.214617490768,55.375,25.625,2.6311458333333335,70.0,0.0,,,,,,
2026-07-02 20:28:58,5115.034618616104,55.5,25.625,2.616916666666667,70.0,0.0,,,,,,
2026-07-02 20:29:00,5116.826029777527,55.625,25.625,2.6166250000000004,70.0,0.0,,,,,,
2026-07-02 20:29:02,5118.621980667114,55.75,25.625,2.6460000000000004,70.0,0.0,,,,,,
2026-07-02 20:29:04,5120.442479610443,55.875,25.625,2.6134166666666667,70.0,0.0,,,,,,
2026-07-02 20:29:05,5122.235013723373,55.937,25.625,2.6188958333333336,70.0,0.0,,,,,,
2026-07-02 20:29:07,5124.025943040848,56.062000000000005,25.625,2.639020833333334,70.0,0.0,,,,,,
2026-07-02 20:29:09,5125.818480014801,56.187000000000005,25.625,2.629854166666667,70.0,0.0,,,,,,
2026-07-02 20:29:11,5127.612947463989,56.312000000000005,25.625,2.6488125,70.0,0.0,,,,,,
2026-07-02 20:29:13,5129.402436733246,56.437000000000005,25.625,2.639020833333334,70.0,0.0,,,,,,
2026-07-02 20:29:14,5131.198590755463,56.5,25.625,2.6062708333333338,70.0,0.0,,,,,,
2026-07-02 20:29:16,5133.021449327469,56.625,25.625,2.6053333333333337,70.0,0.0,,,,,,
2026-07-02 20:29:18,5134.810083150864,56.75,25.625,2.6380625,70.0,0.0,,,,,,
2026-07-02 20:29:20,5136.60662984848,56.875,25.625,2.6000625000000004,70.0,0.0,,,,,,
2026-07-02 20:29:22,5138.43344783783,57.0,25.625,2.6000625000000004,70.0,0.0,,,,,,
2026-07-02 20:29:23,5140.254229784012,57.125,25.625,2.6276875,70.0,0.0,,,,,,
2026-07-02 20:29:25,5142.074697971344,57.25,25.625,2.6029375000000003,70.0,0.0,,,,,,
2026-07-02 20:29:27,5143.866006612778,57.375,25.625,2.5975625000000004,70.0,0.0,,,,,,
2026-07-02 20:29:29,5145.658099889755,57.5,25.625,2.6104375000000006,70.0,0.0,,,,,,
2026-07-02 20:29:31,5147.450412750244,57.625,25.625,2.5950625,70.0,0.0,,,,,,
2026-07-02 20:29:32,5149.247077703476,57.687000000000005,25.5,2.594770833333334,70.0,0.0,,,,,,
2026-07-02 20:29:34,5151.0660281181335,57.812000000000005,25.625,2.6287916666666673,70.0,0.0,,,,,,
2026-07-02 20:29:36,5152.862498521805,57.875,25.625,2.5908333333333333,70.0,0.0,,,,,,
2026-07-02 20:29:38,5154.682003974915,58.0,25.5,2.5890000000000004,70.0,0.0,,,,,,
2026-07-02 20:29:40,5156.474170684814,58.125,25.5,2.6313541666666667,70.0,0.0,,,,,,
2026-07-02 20:29:41,5158.274974346161,58.25,25.5,2.587145833333334,70.0,0.0,,,,,,
2026-07-02 20:29:43,5160.095410585403,58.312000000000005,25.5,2.5865416666666667,70.0,0.0,,,,,,
2026-07-02 20:29:45,5161.914147138596,58.437000000000005,25.5,2.6273958333333334,70.0,0.0,,,,,,
2026-07-02 20:29:47,5163.7130534648895,58.562000000000005,25.5,2.583604166666667,70.0,0.0,,,,,,
2026-07-02 20:29:49,5165.531075000763,58.687000000000005,25.5,2.582791666666667,70.0,0.0,,,,,,
2026-07-02 20:29:50,5167.326008081436,58.75,25.5,2.6133125,70.0,0.0,,,,,,
2026-07-02 20:29:52,5169.146835803986,58.875,25.5,2.590979166666667,70.0,0.0,,,,,,
2026-07-02 20:29:54,5170.938767671585,58.937000000000005,25.5,2.6183333333333336,70.0,0.0,,,,,,
2026-07-02 20:29:56,5172.750656843185,59.062000000000005,25.375,2.576625,70.0,0.0,,,,,,
2026-07-02 20:29:58,5174.554002523422,59.125,25.5,2.5775833333333336,70.0,0.0,,,,,,
2026-07-02 20:29:59,5176.347637414932,59.25,25.375,2.6212708333333334,70.0,0.0,,,,,,
2026-07-02 20:30:01,5178.13856959343,59.312000000000005,25.375,2.6068125,70.0,0.0,,,,,,
2026-07-02 20:30:03,5179.934508085251,59.375,25.375,2.5725833333333337,70.0,0.0,,,,,,
2026-07-02 20:30:05,5181.754005432129,59.5,25.375,2.5717500000000006,70.0,0.0,,,,,,
2026-07-02 20:30:07,5183.545909166336,59.625,25.375,2.6146875,70.0,0.0,,,,,,
2026-07-02 20:30:08,5185.338647603989,59.75,25.375,2.572458333333334,70.0,0.0,,,,,,
2026-07-02 20:30:10,5187.1300258636475,59.812000000000005,25.375,2.5704166666666666,70.0,0.0,,,,,,
2026-07-02 20:30:12,5188.922025680542,59.937000000000005,25.375,2.5998750000000004,70.0,0.0,,,,,,
2026-07-02 20:30:14,5190.719201803207,60.0,25.375,2.5671250000000003,70.0,0.0,,,,,,
2026-07-02 20:30:16,5192.538043260574,60.062000000000005,25.25,2.567854166666667,70.0,0.0,,,,,,
