time,temperature_C,OD_135_V,OD_Ref_V,OD_90_V,Eyespy_eyespy1_raw,Eyespy_eyespy1_V,Eyespy_eyespy2_raw,Eyespy_eyespy2_V
8.344650268554688e-06,22.25,0.21239423076923075,0.2383846153846154,0.2401923076923077,,,,
5.000189304351807,22.312,0.18903125,0.27236458333333335,0.21234375000000003,,,,
10.001885175704956,22.312,0.18657142857142858,1.0071428571428571,0.6070535714285715,,,,
15.002058267593384,22.375,0.186875,1.0505673076923077,0.6473557692307692,,,,
20.00219225883484,22.375,0.2106057692307692,1.0041153846153845,1.0153365384615385,,,,
25.00233507156372,22.437,0.20583653846153846,0.9547596153846154,1.0297788461538462,,,,
30.00246548652649,22.437,0.21326041666666665,0.9920625,1.1124583333333333,,,,
35.002755880355835,22.812,0.21309615384615382,1.021596153846154,1.1029134615384615,,,,
